transaction_id,date,timestamp,account_id,fi_type,direction,mode,amount,narration,balance_after
TXN_PRIYA_SRC_DEPOSIT_20250603_0003,2025-06-03,2025-06-03T10:05:00+05:30,acc_deposit_priya_hdfc_0001,deposit,DEBIT,UPI,68000.00,UPI/DE/RENT TO LANDLORD/2025-06,342000.00
TXN_PRIYA_SRC_DEPOSIT_20250605_0012,2025-06-05,2025-06-05T08:45:00+05:30,acc_deposit_priya_hdfc_0001,deposit,DEBIT,CARD,75.00,CARD/DE/ICLOUD,341925.00
TXN_PRIYA_SRC_DEPOSIT_20250605_0018,2025-06-05,2025-06-05T12:11:00+05:30,acc_deposit_priya_hdfc_0001,deposit,DEBIT,UPI,481.00,UPI/DE/GIFT PALACE,341444.00
TXN_PRIYA_SRC_DEPOSIT_20250606_0038,2025-06-06,2025-06-06T09:45:00+05:30,acc_deposit_priya_hdfc_0001,deposit,DEBIT,NACH,28000.00,NACH/DE/ICICI PRUDENTIAL BLUECHIP/2025-06,313444.00
TXN_PRIYA_SRC_MUTUAL_FUNDS_20250606_0039,2025-06-06,2025-06-06T10:30:00+05:30,acc_mf_priya_hdfc_0001,mutual_funds,CREDIT,SIP,28000.00,MF/CR/PURCHASE/ICICI PRUDENTIAL BLUECHIP/2025-06,868000.00
TXN_PRIYA_SRC_DEPOSIT_20250607_0013,2025-06-07,2025-06-07T08:45:00+05:30,acc_deposit_priya_hdfc_0001,deposit,DEBIT,CARD,130.00,CARD/DE/GOOGLE ONE,313314.00
TXN_PRIYA_SRC_DEPOSIT_20250607_0019,2025-06-07,2025-06-07T10:49:00+05:30,acc_deposit_priya_hdfc_0001,deposit,DEBIT,UPI,2343.00,UPI/DE/BREWERY,310971.00
TXN_PRIYA_SRC_DEPOSIT_20250607_0035,2025-06-07,2025-06-07T18:44:00+05:30,acc_deposit_priya_hdfc_0001,deposit,DEBIT,UPI,1390.00,UPI/DE/PAPA,309581.00
TXN_PRIYA_SRC_DEPOSIT_20250608_0004,2025-06-08,2025-06-08T10:05:00+05:30,acc_deposit_priya_hdfc_0001,deposit,DEBIT,NACH,24500.00,NACH/DE/HDFC CREDILA EDUCATION LOAN/2025-06,285081.00
TXN_PRIYA_SRC_DEPOSIT_20250609_0020,2025-06-09,2025-06-09T08:03:00+05:30,acc_deposit_priya_hdfc_0001,deposit,DEBIT,UPI,606.00,UPI/DE/PAYTMQR2819,284475.00
TXN_PRIYA_SRC_DEPOSIT_20250609_0005,2025-06-09,2025-06-09T10:05:00+05:30,acc_deposit_priya_hdfc_0001,deposit,DEBIT,FT,35000.00,FT/DE/PAPA SBI/2025-06,249475.00
TXN_PRIYA_SRC_DEPOSIT_20250610_0027,2025-06-10,2025-06-10T19:41:00+05:30,acc_deposit_priya_hdfc_0001,deposit,DEBIT,UPI,219.00,UPI/DE/PARKING FEE,249256.00
TXN_PRIYA_SRC_DEPOSIT_20250611_0042,2025-06-11,2025-06-11T09:35:00+05:30,acc_deposit_priya_hdfc_0001,deposit,DEBIT,NACH,18000.00,NACH/DE/HDFC RECURRING DEPOSIT/2025-06,231256.00
TXN_PRIYA_SRC_RECURRING_DEPOSIT_20250611_0043,2025-06-11,2025-06-11T10:00:00+05:30,acc_rd_priya_hdfc_0001,recurring_deposit,CREDIT,NACH,18000.00,RD/CR/INSTALLMENT/2025-06,108000.00
TXN_PRIYA_SRC_DEPOSIT_20250612_0006,2025-06-12,2025-06-12T10:05:00+05:30,acc_deposit_priya_hdfc_0001,deposit,DEBIT,UPI,8500.00,UPI/DE/MEENA HOUSEHELP/2025-06,222756.00
TXN_PRIYA_SRC_DEPOSIT_20250613_0014,2025-06-13,2025-06-13T08:45:00+05:30,acc_deposit_priya_hdfc_0001,deposit,DEBIT,CARD,129.00,CARD/DE/YOUTUBE PREMIUM,222627.00
TXN_PRIYA_SRC_DEPOSIT_20250613_0031,2025-06-13,2025-06-13T12:05:00+05:30,acc_deposit_priya_hdfc_0001,deposit,DEBIT,UPI,1831.00,UPI/DE/CAKE SHOP,220796.00
TXN_PRIYA_SRC_DEPOSIT_20250614_0040,2025-06-14,2025-06-14T09:45:00+05:30,acc_deposit_priya_hdfc_0001,deposit,DEBIT,NACH,12000.00,NACH/DE/NPS TIER I/2025-06,208796.00
TXN_PRIYA_SRC_MUTUAL_FUNDS_20250614_0041,2025-06-14,2025-06-14T10:30:00+05:30,acc_mf_priya_hdfc_0001,mutual_funds,CREDIT,SIP,12000.00,MF/CR/PURCHASE/NPS TIER I/2025-06,880000.00
TXN_PRIYA_SRC_DEPOSIT_20250615_0007,2025-06-15,2025-06-15T10:05:00+05:30,acc_deposit_priya_hdfc_0001,deposit,DEBIT,UPI,2499.00,UPI/DE/ACT FIBERNET BILL/2025-06,206297.00
TXN_PRIYA_SRC_DEPOSIT_20250616_0030,2025-06-16,2025-06-16T08:17:00+05:30,acc_deposit_priya_hdfc_0001,deposit,DEBIT,UPI,1015.00,UPI/DE/MOM,205282.00
TXN_PRIYA_SRC_DEPOSIT_20250617_0008,2025-06-17,2025-06-17T10:05:00+05:30,acc_deposit_priya_hdfc_0001,deposit,DEBIT,UPI,1580.00,UPI/DE/BESCOM ELECTRICITY/2025-06,203702.00
TXN_PRIYA_SRC_DEPOSIT_20250617_0029,2025-06-17,2025-06-17T10:28:00+05:30,acc_deposit_priya_hdfc_0001,deposit,DEBIT,UPI,298.00,UPI/DE/BHARATPE*OM SAI,203404.00
TXN_PRIYA_SRC_DEPOSIT_20250618_0015,2025-06-18,2025-06-18T08:45:00+05:30,acc_deposit_priya_hdfc_0001,deposit,DEBIT,CARD,119.00,CARD/DE/SPOTIFY,203285.00
TXN_PRIYA_SRC_DEPOSIT_20250618_0028,2025-06-18,2025-06-18T10:41:00+05:30,acc_deposit_priya_hdfc_0001,deposit,DEBIT,UPI,395.00,UPI/DE/OM MEDICALS,202890.00
TXN_PRIYA_SRC_DEPOSIT_20250618_0021,2025-06-18,2025-06-18T20:36:00+05:30,acc_deposit_priya_hdfc_0001,deposit,DEBIT,UPI,686.00,UPI/DE/PAPA,202204.00
TXN_PRIYA_SRC_DEPOSIT_20250619_0009,2025-06-19,2025-06-19T10:05:00+05:30,acc_deposit_priya_hdfc_0001,deposit,DEBIT,UPI,899.00,UPI/DE/AIRTEL MOBILE/2025-06,201305.00
TXN_PRIYA_SRC_DEPOSIT_20250620_0016,2025-06-20,2025-06-20T08:45:00+05:30,acc_deposit_priya_hdfc_0001,deposit,DEBIT,CARD,650.00,CARD/DE/LINKEDIN PREMIUM,200655.00
TXN_PRIYA_SRC_DEPOSIT_20250620_0034,2025-06-20,2025-06-20T10:24:00+05:30,acc_deposit_priya_hdfc_0001,deposit,DEBIT,UPI,829.00,UPI/DE/NATURAL FRUITS,199826.00
TXN_PRIYA_SRC_DEPOSIT_20250620_0026,2025-06-20,2025-06-20T10:36:00+05:30,acc_deposit_priya_hdfc_0001,deposit,DEBIT,UPI,363.00,UPI/DE/PUJA STORE,199463.00
TXN_PRIYA_SRC_DEPOSIT_20250621_0036,2025-06-21,2025-06-21T11:40:00+05:30,acc_deposit_priya_hdfc_0001,deposit,DEBIT,ATM,5000.00,ATM/DE/CASH WITHDRAWAL/2025-06,194463.00
TXN_PRIYA_SRC_DEPOSIT_20250622_0010,2025-06-22,2025-06-22T10:05:00+05:30,acc_deposit_priya_hdfc_0001,deposit,DEBIT,UPI,6200.00,UPI/DE/APARTMENT MAINTENANCE/2025-06,188263.00
TXN_PRIYA_SRC_DEPOSIT_20250623_0023,2025-06-23,2025-06-23T19:14:00+05:30,acc_deposit_priya_hdfc_0001,deposit,DEBIT,UPI,1079.00,UPI/DE/KIRANA MART,187184.00
TXN_PRIYA_SRC_DEPOSIT_20250624_0011,2025-06-24,2025-06-24T10:35:00+05:30,acc_deposit_priya_hdfc_0001,deposit,DEBIT,UPI,1120.00,UPI/DE/INDANE LPG/2025-06,186064.00
TXN_PRIYA_SRC_DEPOSIT_20250624_0024,2025-06-24,2025-06-24T19:03:00+05:30,acc_deposit_priya_hdfc_0001,deposit,DEBIT,UPI,344.00,UPI/DE/IYENGAR BAKERY,185720.00
TXN_PRIYA_SRC_DEPOSIT_20250625_0017,2025-06-25,2025-06-25T08:45:00+05:30,acc_deposit_priya_hdfc_0001,deposit,DEBIT,CARD,249.00,CARD/DE/NEWSPAPER DIGITAL,185471.00
TXN_PRIYA_SRC_DEPOSIT_20250626_0037,2025-06-26,2025-06-26T11:41:00+05:30,acc_deposit_priya_hdfc_0001,deposit,DEBIT,ATM,10000.00,ATM/DE/CASH WITHDRAWAL/2025-06,175471.00
TXN_PRIYA_SRC_DEPOSIT_20250626_0025,2025-06-26,2025-06-26T18:52:00+05:30,acc_deposit_priya_hdfc_0001,deposit,DEBIT,UPI,736.00,UPI/DE/SANJAY PLUMBER,174735.00
TXN_PRIYA_SRC_DEPOSIT_20250627_0033,2025-06-27,2025-06-27T08:07:00+05:30,acc_deposit_priya_hdfc_0001,deposit,DEBIT,UPI,158.00,UPI/DE/METRO CARD,174577.00
TXN_PRIYA_SRC_DEPOSIT_20250628_0001,2025-06-28,2025-06-28T09:15:00+05:30,acc_deposit_priya_hdfc_0001,deposit,CREDIT,FT,265957.00,FT/CR/BANYAN PRODUCT LABS SALARY/2025-06,440534.00
TXN_PRIYA_SRC_DEPOSIT_20250628_0032,2025-06-28,2025-06-28T12:37:00+05:30,acc_deposit_priya_hdfc_0001,deposit,DEBIT,UPI,206.00,UPI/DE/METRO CARD,440328.00
TXN_PRIYA_SRC_DEPOSIT_20250629_0002,2025-06-29,2025-06-29T10:30:00+05:30,acc_deposit_priya_hdfc_0001,deposit,CREDIT,FT,3244.00,FT/CR/SAVINGS INTEREST/2025-06,443572.00
TXN_PRIYA_SRC_DEPOSIT_20250630_0022,2025-06-30,2025-06-30T17:20:00+05:30,acc_deposit_priya_hdfc_0001,deposit,DEBIT,UPI,76.00,UPI/DE/PARKING FEE,443496.00
TXN_PRIYA_SRC_DEPOSIT_20250703_0045,2025-07-03,2025-07-03T10:05:00+05:30,acc_deposit_priya_hdfc_0001,deposit,DEBIT,UPI,68000.00,UPI/DE/RENT TO LANDLORD/2025-07,375496.00
TXN_PRIYA_SRC_DEPOSIT_20250704_0053,2025-07-04,2025-07-04T10:35:00+05:30,acc_deposit_priya_hdfc_0001,deposit,DEBIT,UPI,2500.00,UPI/DE/PARKING CHARGES/2025-07,372996.00
TXN_PRIYA_SRC_DEPOSIT_20250704_0065,2025-07-04,2025-07-04T19:05:00+05:30,acc_deposit_priya_hdfc_0001,deposit,DEBIT,UPI,374.00,UPI/DE/STATIONERY SHOP,372622.00
TXN_PRIYA_SRC_DEPOSIT_20250705_0054,2025-07-05,2025-07-05T08:45:00+05:30,acc_deposit_priya_hdfc_0001,deposit,DEBIT,CARD,75.00,CARD/DE/ICLOUD,372547.00
TXN_PRIYA_SRC_DEPOSIT_20250705_0570,2025-07-05,2025-07-05T09:30:00+05:30,acc_deposit_priya_hdfc_0001,deposit,DEBIT,NACH,31000.00,NACH/DE/HDFC ERGO HEALTH PREMIUM,341547.00
TXN_PRIYA_SRC_INSURANCE_POLICIES_20250705_0571,2025-07-05,2025-07-05T10:05:00+05:30,acc_ins_priya_family_0001,insurance_policies,CREDIT,POLICY,10850.00,INS/CR/POLICY VALUE,170850.00
TXN_PRIYA_SRC_DEPOSIT_20250706_0083,2025-07-06,2025-07-06T09:45:00+05:30,acc_deposit_priya_hdfc_0001,deposit,DEBIT,NACH,28000.00,NACH/DE/ICICI PRUDENTIAL BLUECHIP/2025-07,313547.00
TXN_PRIYA_SRC_MUTUAL_FUNDS_20250706_0084,2025-07-06,2025-07-06T10:30:00+05:30,acc_mf_priya_hdfc_0001,mutual_funds,CREDIT,SIP,28000.00,MF/CR/PURCHASE/ICICI PRUDENTIAL BLUECHIP/2025-07,908000.00
TXN_PRIYA_SRC_DEPOSIT_20250706_0073,2025-07-06,2025-07-06T19:12:00+05:30,acc_deposit_priya_hdfc_0001,deposit,DEBIT,UPI,875.00,UPI/DE/CAKE SHOP,312672.00
TXN_PRIYA_SRC_DEPOSIT_20250707_0055,2025-07-07,2025-07-07T08:45:00+05:30,acc_deposit_priya_hdfc_0001,deposit,DEBIT,CARD,130.00,CARD/DE/GOOGLE ONE,312542.00
TXN_PRIYA_SRC_DEPOSIT_20250707_0074,2025-07-07,2025-07-07T18:11:00+05:30,acc_deposit_priya_hdfc_0001,deposit,DEBIT,UPI,521.00,UPI/DE/NATURAL FRUITS,312021.00
TXN_PRIYA_SRC_DEPOSIT_20250707_0063,2025-07-07,2025-07-07T18:31:00+05:30,acc_deposit_priya_hdfc_0001,deposit,DEBIT,UPI,2721.00,UPI/DE/COOK PAYMENT,309300.00
TXN_PRIYA_SRC_DEPOSIT_20250708_0046,2025-07-08,2025-07-08T10:05:00+05:30,acc_deposit_priya_hdfc_0001,deposit,DEBIT,NACH,24500.00,NACH/DE/HDFC CREDILA EDUCATION LOAN/2025-07,284800.00
TXN_PRIYA_SRC_DEPOSIT_20250708_0072,2025-07-08,2025-07-08T17:21:00+05:30,acc_deposit_priya_hdfc_0001,deposit,DEBIT,UPI,582.00,UPI/DE/SURESH,284218.00
TXN_PRIYA_SRC_DEPOSIT_20250709_0047,2025-07-09,2025-07-09T10:05:00+05:30,acc_deposit_priya_hdfc_0001,deposit,DEBIT,FT,35000.00,FT/DE/PAPA SBI/2025-07,249218.00
TXN_PRIYA_SRC_DEPOSIT_20250709_0078,2025-07-09,2025-07-09T10:10:00+05:30,acc_deposit_priya_hdfc_0001,deposit,DEBIT,UPI,793.00,UPI/DE/DR SHARMA CLINIC,248425.00
TXN_PRIYA_SRC_DEPOSIT_20250711_0080,2025-07-11,2025-07-11T08:47:00+05:30,acc_deposit_priya_hdfc_0001,deposit,DEBIT,UPI,585.00,UPI/DE/OM MEDICALS,247840.00
TXN_PRIYA_SRC_DEPOSIT_20250711_0087,2025-07-11,2025-07-11T09:35:00+05:30,acc_deposit_priya_hdfc_0001,deposit,DEBIT,NACH,18000.00,NACH/DE/HDFC RECURRING DEPOSIT/2025-07,229840.00
TXN_PRIYA_SRC_RECURRING_DEPOSIT_20250711_0088,2025-07-11,2025-07-11T10:00:00+05:30,acc_rd_priya_hdfc_0001,recurring_deposit,CREDIT,NACH,18000.00,RD/CR/INSTALLMENT/2025-07,126000.00
TXN_PRIYA_SRC_DEPOSIT_20250712_0070,2025-07-12,2025-07-12T10:01:00+05:30,acc_deposit_priya_hdfc_0001,deposit,DEBIT,UPI,87.00,UPI/DE/CHAAT CORNER,229753.00
TXN_PRIYA_SRC_DEPOSIT_20250712_0048,2025-07-12,2025-07-12T10:05:00+05:30,acc_deposit_priya_hdfc_0001,deposit,DEBIT,UPI,8500.00,UPI/DE/MEENA HOUSEHELP/2025-07,221253.00
TXN_PRIYA_SRC_DEPOSIT_20250713_0056,2025-07-13,2025-07-13T08:45:00+05:30,acc_deposit_priya_hdfc_0001,deposit,DEBIT,CARD,129.00,CARD/DE/YOUTUBE PREMIUM,221124.00
TXN_PRIYA_SRC_DEPOSIT_20250713_0067,2025-07-13,2025-07-13T17:15:00+05:30,acc_deposit_priya_hdfc_0001,deposit,DEBIT,UPI,177.00,UPI/DE/CHAAT CORNER,220947.00
TXN_PRIYA_SRC_DEPOSIT_20250714_0081,2025-07-14,2025-07-14T08:01:00+05:30,acc_deposit_priya_hdfc_0001,deposit,DEBIT,UPI,508.00,UPI/DE/PRINT CENTER,220439.00
TXN_PRIYA_SRC_DEPOSIT_20250714_0085,2025-07-14,2025-07-14T09:45:00+05:30,acc_deposit_priya_hdfc_0001,deposit,DEBIT,NACH,12000.00,NACH/DE/NPS TIER I/2025-07,208439.00
TXN_PRIYA_SRC_MUTUAL_FUNDS_20250714_0086,2025-07-14,2025-07-14T10:30:00+05:30,acc_mf_priya_hdfc_0001,mutual_funds,CREDIT,SIP,12000.00,MF/CR/PURCHASE/NPS TIER I/2025-07,920000.00
TXN_PRIYA_SRC_DEPOSIT_20250714_0068,2025-07-14,2025-07-14T12:27:00+05:30,acc_deposit_priya_hdfc_0001,deposit,DEBIT,UPI,827.00,UPI/DE/ROHAN,207612.00
TXN_PRIYA_SRC_DEPOSIT_20250715_0049,2025-07-15,2025-07-15T10:05:00+05:30,acc_deposit_priya_hdfc_0001,deposit,DEBIT,UPI,2499.00,UPI/DE/ACT FIBERNET BILL/2025-07,205113.00
TXN_PRIYA_SRC_DEPOSIT_20250716_0060,2025-07-16,2025-07-16T18:35:00+05:30,acc_deposit_priya_hdfc_0001,deposit,DEBIT,FT,18000.00,FT/DE/ANIKET ICICI/2025-07,187113.00
TXN_PRIYA_SRC_DEPOSIT_20250717_0050,2025-07-17,2025-07-17T10:05:00+05:30,acc_deposit_priya_hdfc_0001,deposit,DEBIT,UPI,2260.00,UPI/DE/BESCOM ELECTRICITY/2025-07,184853.00
TXN_PRIYA_SRC_DEPOSIT_20250718_0057,2025-07-18,2025-07-18T08:45:00+05:30,acc_deposit_priya_hdfc_0001,deposit,DEBIT,CARD,119.00,CARD/DE/SPOTIFY,184734.00
TXN_PRIYA_SRC_DEPOSIT_20250718_0076,2025-07-18,2025-07-18T10:24:00+05:30,acc_deposit_priya_hdfc_0001,deposit,DEBIT,UPI,218.00,UPI/DE/FRUIT SHOP,184516.00
TXN_PRIYA_SRC_DEPOSIT_20250718_0075,2025-07-18,2025-07-18T18:39:00+05:30,acc_deposit_priya_hdfc_0001,deposit,DEBIT,UPI,238.00,UPI/DE/APOLLO PHARMACY,184278.00
TXN_PRIYA_SRC_DEPOSIT_20250718_0071,2025-07-18,2025-07-18T20:53:00+05:30,acc_deposit_priya_hdfc_0001,deposit,DEBIT,UPI,802.00,UPI/DE/SANJAY PLUMBER,183476.00
TXN_PRIYA_SRC_DEPOSIT_20250719_0051,2025-07-19,2025-07-19T10:05:00+05:30,acc_deposit_priya_hdfc_0001,deposit,DEBIT,UPI,899.00,UPI/DE/AIRTEL MOBILE/2025-07,182577.00
TXN_PRIYA_SRC_DEPOSIT_20250720_0058,2025-07-20,2025-07-20T08:45:00+05:30,acc_deposit_priya_hdfc_0001,deposit,DEBIT,CARD,650.00,CARD/DE/LINKEDIN PREMIUM,181927.00
TXN_PRIYA_SRC_DEPOSIT_20250720_0077,2025-07-20,2025-07-20T10:15:00+05:30,acc_deposit_priya_hdfc_0001,deposit,DEBIT,UPI,411.00,UPI/DE/AUTO RAMESH,181516.00
TXN_PRIYA_SRC_DEPOSIT_20250721_0082,2025-07-21,2025-07-21T11:40:00+05:30,acc_deposit_priya_hdfc_0001,deposit,DEBIT,ATM,5000.00,ATM/DE/CASH WITHDRAWAL/2025-07,176516.00
TXN_PRIYA_SRC_DEPOSIT_20250722_0052,2025-07-22,2025-07-22T10:05:00+05:30,acc_deposit_priya_hdfc_0001,deposit,DEBIT,UPI,6200.00,UPI/DE/APARTMENT MAINTENANCE/2025-07,170316.00
TXN_PRIYA_SRC_DEPOSIT_20250724_0061,2025-07-24,2025-07-24T12:20:00+05:30,acc_deposit_priya_hdfc_0001,deposit,CREDIT,FT,30000.00,FT/CR/ICICI SAVINGS TRANSFER/2025-07,200316.00
TXN_PRIYA_SRC_DEPOSIT_20250725_0059,2025-07-25,2025-07-25T08:45:00+05:30,acc_deposit_priya_hdfc_0001,deposit,DEBIT,CARD,249.00,CARD/DE/NEWSPAPER DIGITAL,200067.00
TXN_PRIYA_SRC_DEPOSIT_20250726_0064,2025-07-26,2025-07-26T08:02:00+05:30,acc_deposit_priya_hdfc_0001,deposit,DEBIT,UPI,1050.00,UPI/DE/CAR CLEANER,199017.00
TXN_PRIYA_SRC_DEPOSIT_20250726_0062,2025-07-26,2025-07-26T08:47:00+05:30,acc_deposit_priya_hdfc_0001,deposit,DEBIT,UPI,957.00,UPI/DE/KIRANA MART,198060.00
TXN_PRIYA_SRC_DEPOSIT_20250728_0079,2025-07-28,2025-07-28T08:15:00+05:30,acc_deposit_priya_hdfc_0001,deposit,DEBIT,UPI,1543.00,UPI/DE/GIFT PALACE,196517.00
TXN_PRIYA_SRC_DEPOSIT_20250728_0044,2025-07-28,2025-07-28T09:15:00+05:30,acc_deposit_priya_hdfc_0001,deposit,CREDIT,FT,261126.00,FT/CR/BANYAN PRODUCT LABS SALARY/2025-07,457643.00
TXN_PRIYA_SRC_DEPOSIT_20250729_0069,2025-07-29,2025-07-29T08:40:00+05:30,acc_deposit_priya_hdfc_0001,deposit,DEBIT,UPI,1710.00,UPI/DE/COOK PAYMENT,455933.00
TXN_PRIYA_SRC_DEPOSIT_20250731_0066,2025-07-31,2025-07-31T08:52:00+05:30,acc_deposit_priya_hdfc_0001,deposit,DEBIT,UPI,230.00,UPI/DE/PUJA STORE,455703.00
TXN_PRIYA_SRC_DEPOSIT_20250801_0118,2025-08-01,2025-08-01T17:39:00+05:30,acc_deposit_priya_hdfc_0001,deposit,DEBIT,UPI,286.00,UPI/DE/CHAAT CORNER,455417.00
TXN_PRIYA_SRC_DEPOSIT_20250803_0090,2025-08-03,2025-08-03T10:05:00+05:30,acc_deposit_priya_hdfc_0001,deposit,DEBIT,UPI,68000.00,UPI/DE/RENT TO LANDLORD/2025-08,387417.00
TXN_PRIYA_SRC_DEPOSIT_20250803_0112,2025-08-03,2025-08-03T18:03:00+05:30,acc_deposit_priya_hdfc_0001,deposit,DEBIT,UPI,177.00,UPI/DE/WATER CAN SUPPLY,387240.00
TXN_PRIYA_SRC_DEPOSIT_20250804_0122,2025-08-04,2025-08-04T08:16:00+05:30,acc_deposit_priya_hdfc_0001,deposit,DEBIT,UPI,859.00,UPI/DE/PAPA,386381.00
TXN_PRIYA_SRC_DEPOSIT_20250805_0099,2025-08-05,2025-08-05T08:45:00+05:30,acc_deposit_priya_hdfc_0001,deposit,DEBIT,CARD,75.00,CARD/DE/ICLOUD,386306.00
TXN_PRIYA_SRC_DEPOSIT_20250806_0128,2025-08-06,2025-08-06T09:45:00+05:30,acc_deposit_priya_hdfc_0001,deposit,DEBIT,NACH,28000.00,NACH/DE/ICICI PRUDENTIAL BLUECHIP/2025-08,358306.00
TXN_PRIYA_SRC_MUTUAL_FUNDS_20250806_0129,2025-08-06,2025-08-06T10:30:00+05:30,acc_mf_priya_hdfc_0001,mutual_funds,CREDIT,SIP,28000.00,MF/CR/PURCHASE/ICICI PRUDENTIAL BLUECHIP/2025-08,948000.00
TXN_PRIYA_SRC_DEPOSIT_20250806_0105,2025-08-06,2025-08-06T13:10:00+05:30,acc_deposit_priya_hdfc_0001,deposit,DEBIT,FT,22000.00,FT/DE/HDFC SAVINGS TRANSFER/2025-08,336306.00
TXN_PRIYA_SRC_DEPOSIT_20250807_0100,2025-08-07,2025-08-07T08:45:00+05:30,acc_deposit_priya_hdfc_0001,deposit,DEBIT,CARD,130.00,CARD/DE/GOOGLE ONE,336176.00
TXN_PRIYA_SRC_DEPOSIT_20250807_0106,2025-08-07,2025-08-07T18:19:00+05:30,acc_deposit_priya_hdfc_0001,deposit,DEBIT,UPI,572.00,UPI/DE/METRO CARD,335604.00
TXN_PRIYA_SRC_DEPOSIT_20250808_0091,2025-08-08,2025-08-08T10:05:00+05:30,acc_deposit_priya_hdfc_0001,deposit,DEBIT,NACH,24500.00,NACH/DE/HDFC CREDILA EDUCATION LOAN/2025-08,311104.00
TXN_PRIYA_SRC_DEPOSIT_20250809_0092,2025-08-09,2025-08-09T10:05:00+05:30,acc_deposit_priya_hdfc_0001,deposit,DEBIT,FT,35000.00,FT/DE/PAPA SBI/2025-08,276104.00
TXN_PRIYA_SRC_DEPOSIT_20250811_0132,2025-08-11,2025-08-11T09:35:00+05:30,acc_deposit_priya_hdfc_0001,deposit,DEBIT,NACH,18000.00,NACH/DE/HDFC RECURRING DEPOSIT/2025-08,258104.00
TXN_PRIYA_SRC_RECURRING_DEPOSIT_20250811_0133,2025-08-11,2025-08-11T10:00:00+05:30,acc_rd_priya_hdfc_0001,recurring_deposit,CREDIT,NACH,18000.00,RD/CR/INSTALLMENT/2025-08,144000.00
TXN_PRIYA_SRC_DEPOSIT_20250812_0115,2025-08-12,2025-08-12T10:03:00+05:30,acc_deposit_priya_hdfc_0001,deposit,DEBIT,UPI,207.00,UPI/DE/RAJU VEG,257897.00
TXN_PRIYA_SRC_DEPOSIT_20250812_0093,2025-08-12,2025-08-12T10:05:00+05:30,acc_deposit_priya_hdfc_0001,deposit,DEBIT,UPI,8500.00,UPI/DE/MEENA HOUSEHELP/2025-08,249397.00
TXN_PRIYA_SRC_DEPOSIT_20250813_0101,2025-08-13,2025-08-13T08:45:00+05:30,acc_deposit_priya_hdfc_0001,deposit,DEBIT,CARD,129.00,CARD/DE/YOUTUBE PREMIUM,249268.00
TXN_PRIYA_SRC_DEPOSIT_20250814_0130,2025-08-14,2025-08-14T09:45:00+05:30,acc_deposit_priya_hdfc_0001,deposit,DEBIT,NACH,12000.00,NACH/DE/NPS TIER I/2025-08,237268.00
TXN_PRIYA_SRC_MUTUAL_FUNDS_20250814_0131,2025-08-14,2025-08-14T10:30:00+05:30,acc_mf_priya_hdfc_0001,mutual_funds,CREDIT,SIP,12000.00,MF/CR/PURCHASE/NPS TIER I/2025-08,960000.00
TXN_PRIYA_SRC_DEPOSIT_20250815_0113,2025-08-15,2025-08-15T08:52:00+05:30,acc_deposit_priya_hdfc_0001,deposit,DEBIT,UPI,751.00,UPI/DE/PAYTMQR2819,236517.00
TXN_PRIYA_SRC_DEPOSIT_20250815_0094,2025-08-15,2025-08-15T10:05:00+05:30,acc_deposit_priya_hdfc_0001,deposit,DEBIT,UPI,2499.00,UPI/DE/ACT FIBERNET BILL/2025-08,234018.00
TXN_PRIYA_SRC_DEPOSIT_20250815_0124,2025-08-15,2025-08-15T10:17:00+05:30,acc_deposit_priya_hdfc_0001,deposit,DEBIT,UPI,821.00,UPI/DE/RO SERVICE,233197.00
TXN_PRIYA_SRC_DEPOSIT_20250815_0110,2025-08-15,2025-08-15T17:37:00+05:30,acc_deposit_priya_hdfc_0001,deposit,DEBIT,UPI,211.00,UPI/DE/XEROX SHOP,232986.00
TXN_PRIYA_SRC_DEPOSIT_20250817_0095,2025-08-17,2025-08-17T10:05:00+05:30,acc_deposit_priya_hdfc_0001,deposit,DEBIT,UPI,1880.00,UPI/DE/BESCOM ELECTRICITY/2025-08,231106.00
TXN_PRIYA_SRC_DEPOSIT_20250817_0109,2025-08-17,2025-08-17T20:29:00+05:30,acc_deposit_priya_hdfc_0001,deposit,DEBIT,UPI,1384.00,UPI/DE/RAJ ELECTRICIAN,229722.00
TXN_PRIYA_SRC_DEPOSIT_20250818_0102,2025-08-18,2025-08-18T08:45:00+05:30,acc_deposit_priya_hdfc_0001,deposit,DEBIT,CARD,119.00,CARD/DE/SPOTIFY,229603.00
TXN_PRIYA_SRC_DEPOSIT_20250818_0116,2025-08-18,2025-08-18T19:31:00+05:30,acc_deposit_priya_hdfc_0001,deposit,DEBIT,UPI,217.00,UPI/DE/PUJA STORE,229386.00
TXN_PRIYA_SRC_DEPOSIT_20250818_0117,2025-08-18,2025-08-18T19:47:00+05:30,acc_deposit_priya_hdfc_0001,deposit,DEBIT,UPI,687.00,UPI/DE/PAPA,228699.00
TXN_PRIYA_SRC_DEPOSIT_20250819_0096,2025-08-19,2025-08-19T10:05:00+05:30,acc_deposit_priya_hdfc_0001,deposit,DEBIT,UPI,899.00,UPI/DE/AIRTEL MOBILE/2025-08,227800.00
TXN_PRIYA_SRC_DEPOSIT_20250820_0103,2025-08-20,2025-08-20T08:45:00+05:30,acc_deposit_priya_hdfc_0001,deposit,DEBIT,CARD,650.00,CARD/DE/LINKEDIN PREMIUM,227150.00
TXN_PRIYA_SRC_DEPOSIT_20250820_0121,2025-08-20,2025-08-20T12:13:00+05:30,acc_deposit_priya_hdfc_0001,deposit,DEBIT,UPI,229.00,UPI/DE/APOLLO PHARMACY,226921.00
TXN_PRIYA_SRC_DEPOSIT_20250821_0127,2025-08-21,2025-08-21T11:40:00+05:30,acc_deposit_priya_hdfc_0001,deposit,DEBIT,ATM,3000.00,ATM/DE/CASH WITHDRAWAL/2025-08,223921.00
TXN_PRIYA_SRC_DEPOSIT_20250821_0126,2025-08-21,2025-08-21T12:17:00+05:30,acc_deposit_priya_hdfc_0001,deposit,DEBIT,UPI,284.00,UPI/DE/STATIONERY SHOP,223637.00
TXN_PRIYA_SRC_DEPOSIT_20250821_0559,2025-08-21,2025-08-21T18:20:00+05:30,acc_deposit_priya_hdfc_0001,deposit,DEBIT,CARD,28000.00,CARD/DE/HOSPITAL PAYMENT,195637.00
TXN_PRIYA_SRC_DEPOSIT_20250822_0097,2025-08-22,2025-08-22T10:05:00+05:30,acc_deposit_priya_hdfc_0001,deposit,DEBIT,UPI,6200.00,UPI/DE/APARTMENT MAINTENANCE/2025-08,189437.00
TXN_PRIYA_SRC_DEPOSIT_20250823_0114,2025-08-23,2025-08-23T12:21:00+05:30,acc_deposit_priya_hdfc_0001,deposit,DEBIT,UPI,169.00,UPI/DE/NANDINI MILK,189268.00
TXN_PRIYA_SRC_DEPOSIT_20250823_0111,2025-08-23,2025-08-23T17:49:00+05:30,acc_deposit_priya_hdfc_0001,deposit,DEBIT,UPI,900.00,UPI/DE/DIAGNOSTIC CENTER,188368.00
TXN_PRIYA_SRC_DEPOSIT_20250824_0098,2025-08-24,2025-08-24T10:35:00+05:30,acc_deposit_priya_hdfc_0001,deposit,DEBIT,UPI,1180.00,UPI/DE/HP GAS/2025-08,187188.00
TXN_PRIYA_SRC_DEPOSIT_20250824_0120,2025-08-24,2025-08-24T18:13:00+05:30,acc_deposit_priya_hdfc_0001,deposit,DEBIT,UPI,104.00,UPI/DE/AUTO PAY,187084.00
TXN_PRIYA_SRC_DEPOSIT_20250824_0108,2025-08-24,2025-08-24T18:35:00+05:30,acc_deposit_priya_hdfc_0001,deposit,DEBIT,UPI,696.00,UPI/DE/FRUIT SHOP,186388.00
TXN_PRIYA_SRC_DEPOSIT_20250824_0125,2025-08-24,2025-08-24T20:05:00+05:30,acc_deposit_priya_hdfc_0001,deposit,DEBIT,UPI,900.00,UPI/DE/DIAGNOSTIC CENTER,185488.00
TXN_PRIYA_SRC_DEPOSIT_20250825_0104,2025-08-25,2025-08-25T08:45:00+05:30,acc_deposit_priya_hdfc_0001,deposit,DEBIT,CARD,249.00,CARD/DE/NEWSPAPER DIGITAL,185239.00
TXN_PRIYA_SRC_DEPOSIT_20250826_0123,2025-08-26,2025-08-26T17:06:00+05:30,acc_deposit_priya_hdfc_0001,deposit,DEBIT,UPI,454.00,UPI/DE/NATURAL FRUITS,184785.00
TXN_PRIYA_SRC_DEPOSIT_20250828_0089,2025-08-28,2025-08-28T09:15:00+05:30,acc_deposit_priya_hdfc_0001,deposit,CREDIT,FT,260615.00,FT/CR/BANYAN PRODUCT LABS SALARY/2025-08,445400.00
TXN_PRIYA_SRC_DEPOSIT_20250828_0107,2025-08-28,2025-08-28T17:09:00+05:30,acc_deposit_priya_hdfc_0001,deposit,DEBIT,UPI,2040.00,UPI/DE/BHARATPE*OM SAI,443360.00
TXN_PRIYA_SRC_DEPOSIT_20250828_0119,2025-08-28,2025-08-28T17:48:00+05:30,acc_deposit_priya_hdfc_0001,deposit,DEBIT,UPI,254.00,UPI/DE/WATER CAN SUPPLY,443106.00
TXN_PRIYA_SRC_DEPOSIT_20250902_0164,2025-09-02,2025-09-02T12:03:00+05:30,acc_deposit_priya_hdfc_0001,deposit,DEBIT,UPI,1352.00,UPI/DE/PUJA STORE,441754.00
TXN_PRIYA_SRC_DEPOSIT_20250902_0162,2025-09-02,2025-09-02T12:43:00+05:30,acc_deposit_priya_hdfc_0001,deposit,DEBIT,UPI,209.00,UPI/DE/NANDINI MILK,441545.00
TXN_PRIYA_SRC_DEPOSIT_20250903_0157,2025-09-03,2025-09-03T08:43:00+05:30,acc_deposit_priya_hdfc_0001,deposit,DEBIT,UPI,326.00,UPI/DE/PRINT CENTER,441219.00
TXN_PRIYA_SRC_DEPOSIT_20250903_0137,2025-09-03,2025-09-03T10:05:00+05:30,acc_deposit_priya_hdfc_0001,deposit,DEBIT,UPI,68000.00,UPI/DE/RENT TO LANDLORD/2025-09,373219.00
TXN_PRIYA_SRC_DEPOSIT_20250904_0159,2025-09-04,2025-09-04T10:51:00+05:30,acc_deposit_priya_hdfc_0001,deposit,DEBIT,UPI,40.00,UPI/DE/PARKING FEE,373179.00
TXN_PRIYA_SRC_DEPOSIT_20250904_0155,2025-09-04,2025-09-04T19:03:00+05:30,acc_deposit_priya_hdfc_0001,deposit,DEBIT,UPI,130.00,UPI/DE/PARKING FEE,373049.00
TXN_PRIYA_SRC_DEPOSIT_20250905_0146,2025-09-05,2025-09-05T08:45:00+05:30,acc_deposit_priya_hdfc_0001,deposit,DEBIT,CARD,75.00,CARD/DE/ICLOUD,372974.00
TXN_PRIYA_SRC_DEPOSIT_20250906_0171,2025-09-06,2025-09-06T09:45:00+05:30,acc_deposit_priya_hdfc_0001,deposit,DEBIT,NACH,28000.00,NACH/DE/ICICI PRUDENTIAL BLUECHIP/2025-09,344974.00
TXN_PRIYA_SRC_MUTUAL_FUNDS_20250906_0172,2025-09-06,2025-09-06T10:30:00+05:30,acc_mf_priya_hdfc_0001,mutual_funds,CREDIT,SIP,28000.00,MF/CR/PURCHASE/ICICI PRUDENTIAL BLUECHIP/2025-09,988000.00
TXN_PRIYA_SRC_DEPOSIT_20250906_0169,2025-09-06,2025-09-06T11:41:00+05:30,acc_deposit_priya_hdfc_0001,deposit,DEBIT,ATM,5000.00,ATM/DE/CASH WITHDRAWAL/2025-09,339974.00
TXN_PRIYA_SRC_DEPOSIT_20250906_0158,2025-09-06,2025-09-06T20:31:00+05:30,acc_deposit_priya_hdfc_0001,deposit,DEBIT,UPI,900.00,UPI/DE/BREWERY,339074.00
TXN_PRIYA_SRC_DEPOSIT_20250907_0147,2025-09-07,2025-09-07T08:45:00+05:30,acc_deposit_priya_hdfc_0001,deposit,DEBIT,CARD,130.00,CARD/DE/GOOGLE ONE,338944.00
TXN_PRIYA_SRC_DEPOSIT_20250907_0166,2025-09-07,2025-09-07T12:28:00+05:30,acc_deposit_priya_hdfc_0001,deposit,DEBIT,UPI,669.00,UPI/DE/NATURAL FRUITS,338275.00
TXN_PRIYA_SRC_DEPOSIT_20250907_0163,2025-09-07,2025-09-07T17:53:00+05:30,acc_deposit_priya_hdfc_0001,deposit,DEBIT,UPI,311.00,UPI/DE/NEHA,337964.00
TXN_PRIYA_SRC_DEPOSIT_20250908_0138,2025-09-08,2025-09-08T10:05:00+05:30,acc_deposit_priya_hdfc_0001,deposit,DEBIT,NACH,24500.00,NACH/DE/HDFC CREDILA EDUCATION LOAN/2025-09,313464.00
TXN_PRIYA_SRC_DEPOSIT_20250909_0139,2025-09-09,2025-09-09T10:05:00+05:30,acc_deposit_priya_hdfc_0001,deposit,DEBIT,FT,35000.00,FT/DE/PAPA SBI/2025-09,278464.00
TXN_PRIYA_SRC_DEPOSIT_20250909_0160,2025-09-09,2025-09-09T10:16:00+05:30,acc_deposit_priya_hdfc_0001,deposit,DEBIT,UPI,1871.00,UPI/DE/COOK PAYMENT,276593.00
TXN_PRIYA_SRC_DEPOSIT_20250910_0560,2025-09-10,2025-09-10T18:20:00+05:30,acc_deposit_priya_hdfc_0001,deposit,DEBIT,UPI,18500.00,UPI/DE/DIAGNOSTIC CENTER,258093.00
TXN_PRIYA_SRC_DEPOSIT_20250910_0156,2025-09-10,2025-09-10T20:24:00+05:30,acc_deposit_priya_hdfc_0001,deposit,DEBIT,UPI,889.00,UPI/DE/MOM,257204.00
TXN_PRIYA_SRC_DEPOSIT_20250910_0161,2025-09-10,2025-09-10T20:38:00+05:30,acc_deposit_priya_hdfc_0001,deposit,DEBIT,UPI,687.00,UPI/DE/MOM,256517.00
TXN_PRIYA_SRC_DEPOSIT_20250911_0175,2025-09-11,2025-09-11T09:35:00+05:30,acc_deposit_priya_hdfc_0001,deposit,DEBIT,NACH,18000.00,NACH/DE/HDFC RECURRING DEPOSIT/2025-09,238517.00
TXN_PRIYA_SRC_RECURRING_DEPOSIT_20250911_0176,2025-09-11,2025-09-11T10:00:00+05:30,acc_rd_priya_hdfc_0001,recurring_deposit,CREDIT,NACH,18000.00,RD/CR/INSTALLMENT/2025-09,162000.00
TXN_PRIYA_SRC_DEPOSIT_20250911_0167,2025-09-11,2025-09-11T18:28:00+05:30,acc_deposit_priya_hdfc_0001,deposit,DEBIT,UPI,155.00,UPI/DE/STATIONERY SHOP,238362.00
TXN_PRIYA_SRC_DEPOSIT_20250912_0140,2025-09-12,2025-09-12T10:05:00+05:30,acc_deposit_priya_hdfc_0001,deposit,DEBIT,UPI,8500.00,UPI/DE/MEENA HOUSEHELP/2025-09,229862.00
TXN_PRIYA_SRC_DEPOSIT_20250913_0148,2025-09-13,2025-09-13T08:45:00+05:30,acc_deposit_priya_hdfc_0001,deposit,DEBIT,CARD,129.00,CARD/DE/YOUTUBE PREMIUM,229733.00
TXN_PRIYA_SRC_DEPOSIT_20250913_0165,2025-09-13,2025-09-13T18:35:00+05:30,acc_deposit_priya_hdfc_0001,deposit,DEBIT,UPI,789.00,UPI/DE/SANJAY PLUMBER,228944.00
TXN_PRIYA_SRC_DEPOSIT_20250914_0173,2025-09-14,2025-09-14T09:45:00+05:30,acc_deposit_priya_hdfc_0001,deposit,DEBIT,NACH,12000.00,NACH/DE/NPS TIER I/2025-09,216944.00
TXN_PRIYA_SRC_MUTUAL_FUNDS_20250914_0174,2025-09-14,2025-09-14T10:30:00+05:30,acc_mf_priya_hdfc_0001,mutual_funds,CREDIT,SIP,12000.00,MF/CR/PURCHASE/NPS TIER I/2025-09,1000000.00
TXN_PRIYA_SRC_DEPOSIT_20250915_0141,2025-09-15,2025-09-15T10:05:00+05:30,acc_deposit_priya_hdfc_0001,deposit,DEBIT,UPI,2499.00,UPI/DE/ACT FIBERNET BILL/2025-09,214445.00
TXN_PRIYA_SRC_DEPOSIT_20250916_0154,2025-09-16,2025-09-16T12:16:00+05:30,acc_deposit_priya_hdfc_0001,deposit,DEBIT,UPI,1732.00,UPI/DE/NEHA,212713.00
TXN_PRIYA_SRC_DEPOSIT_20250917_0142,2025-09-17,2025-09-17T10:05:00+05:30,acc_deposit_priya_hdfc_0001,deposit,DEBIT,UPI,1320.00,UPI/DE/BESCOM ELECTRICITY/2025-09,211393.00
TXN_PRIYA_SRC_DEPOSIT_20250918_0149,2025-09-18,2025-09-18T08:45:00+05:30,acc_deposit_priya_hdfc_0001,deposit,DEBIT,CARD,119.00,CARD/DE/SPOTIFY,211274.00
TXN_PRIYA_SRC_DEPOSIT_20250918_0135,2025-09-18,2025-09-18T16:20:00+05:30,acc_deposit_priya_hdfc_0001,deposit,CREDIT,FT,12400.00,FT/CR/OFFICE EXPENSE REIMBURSEMENT/2025-09,223674.00
TXN_PRIYA_SRC_DEPOSIT_20250919_0143,2025-09-19,2025-09-19T10:05:00+05:30,acc_deposit_priya_hdfc_0001,deposit,DEBIT,UPI,899.00,UPI/DE/AIRTEL MOBILE/2025-09,222775.00
TXN_PRIYA_SRC_DEPOSIT_20250920_0150,2025-09-20,2025-09-20T08:45:00+05:30,acc_deposit_priya_hdfc_0001,deposit,DEBIT,CARD,650.00,CARD/DE/LINKEDIN PREMIUM,222125.00
TXN_PRIYA_SRC_DEPOSIT_20250921_0145,2025-09-21,2025-09-21T10:35:00+05:30,acc_deposit_priya_hdfc_0001,deposit,DEBIT,UPI,399.00,UPI/DE/ACT FIBERNET EXTRA DATA/2025-09,221726.00
TXN_PRIYA_SRC_DEPOSIT_20250921_0168,2025-09-21,2025-09-21T11:40:00+05:30,acc_deposit_priya_hdfc_0001,deposit,DEBIT,ATM,3000.00,ATM/DE/CASH WITHDRAWAL/2025-09,218726.00
TXN_PRIYA_SRC_DEPOSIT_20250921_0170,2025-09-21,2025-09-21T11:42:00+05:30,acc_deposit_priya_hdfc_0001,deposit,DEBIT,ATM,10000.00,ATM/DE/CASH WITHDRAWAL/2025-09,208726.00
TXN_PRIYA_SRC_DEPOSIT_20250922_0144,2025-09-22,2025-09-22T10:05:00+05:30,acc_deposit_priya_hdfc_0001,deposit,DEBIT,UPI,6200.00,UPI/DE/APARTMENT MAINTENANCE/2025-09,202526.00
TXN_PRIYA_SRC_DEPOSIT_20250922_0576,2025-09-22,2025-09-22T12:05:00+05:30,acc_deposit_priya_hdfc_0001,deposit,CREDIT,FT,18000.00,FT/CR/INSURANCE CLAIM CREDIT,220526.00
TXN_PRIYA_SRC_DEPOSIT_20250923_0586,2025-09-23,2025-09-23T10:20:00+05:30,acc_deposit_priya_hdfc_0001,deposit,DEBIT,FT,42000.00,FT/DE/HDFC CREDIT CARD PAYMENT,178526.00
TXN_PRIYA_SRC_DEPOSIT_20250924_0152,2025-09-24,2025-09-24T20:09:00+05:30,acc_deposit_priya_hdfc_0001,deposit,DEBIT,UPI,797.00,UPI/DE/MOM,177729.00
TXN_PRIYA_SRC_DEPOSIT_20250925_0151,2025-09-25,2025-09-25T08:45:00+05:30,acc_deposit_priya_hdfc_0001,deposit,DEBIT,CARD,249.00,CARD/DE/NEWSPAPER DIGITAL,177480.00
TXN_PRIYA_SRC_DEPOSIT_20250926_0153,2025-09-26,2025-09-26T19:42:00+05:30,acc_deposit_priya_hdfc_0001,deposit,DEBIT,UPI,255.00,UPI/DE/RAJU VEG,177225.00
TXN_PRIYA_SRC_DEPOSIT_20250928_0134,2025-09-28,2025-09-28T09:15:00+05:30,acc_deposit_priya_hdfc_0001,deposit,CREDIT,FT,253845.00,FT/CR/BANYAN PRODUCT LABS SALARY/2025-09,431070.00
TXN_PRIYA_SRC_DEPOSIT_20250930_0136,2025-09-30,2025-09-30T10:30:00+05:30,acc_deposit_priya_hdfc_0001,deposit,CREDIT,FT,3988.00,FT/CR/SAVINGS INTEREST/2025-09,435058.00
TXN_PRIYA_SRC_DEPOSIT_20251003_0178,2025-10-03,2025-10-03T10:05:00+05:30,acc_deposit_priya_hdfc_0001,deposit,DEBIT,UPI,68000.00,UPI/DE/RENT TO LANDLORD/2025-10,367058.00
TXN_PRIYA_SRC_DEPOSIT_20251004_0212,2025-10-04,2025-10-04T10:17:00+05:30,acc_deposit_priya_hdfc_0001,deposit,DEBIT,UPI,1047.00,UPI/DE/BREWERY,366011.00
TXN_PRIYA_SRC_DEPOSIT_20251004_0211,2025-10-04,2025-10-04T10:34:00+05:30,acc_deposit_priya_hdfc_0001,deposit,DEBIT,UPI,369.00,UPI/DE/WATER CAN SUPPLY,365642.00
TXN_PRIYA_SRC_DEPOSIT_20251004_0186,2025-10-04,2025-10-04T10:35:00+05:30,acc_deposit_priya_hdfc_0001,deposit,DEBIT,UPI,3200.00,UPI/DE/WATER CHARGES LANDLORD/2025-10,362442.00
TXN_PRIYA_SRC_DEPOSIT_20251004_0199,2025-10-04,2025-10-04T12:16:00+05:30,acc_deposit_priya_hdfc_0001,deposit,DEBIT,UPI,468.00,UPI/DE/STATIONERY SHOP,361974.00
TXN_PRIYA_SRC_DEPOSIT_20251005_0188,2025-10-05,2025-10-05T08:45:00+05:30,acc_deposit_priya_hdfc_0001,deposit,DEBIT,CARD,75.00,CARD/DE/ICLOUD,361899.00
TXN_PRIYA_SRC_DEPOSIT_20251006_0216,2025-10-06,2025-10-06T09:45:00+05:30,acc_deposit_priya_hdfc_0001,deposit,DEBIT,NACH,28000.00,NACH/DE/ICICI PRUDENTIAL BLUECHIP/2025-10,333899.00
TXN_PRIYA_SRC_MUTUAL_FUNDS_20251006_0217,2025-10-06,2025-10-06T10:30:00+05:30,acc_mf_priya_hdfc_0001,mutual_funds,CREDIT,SIP,28000.00,MF/CR/PURCHASE/ICICI PRUDENTIAL BLUECHIP/2025-10,1028000.00
TXN_PRIYA_SRC_DEPOSIT_20251007_0189,2025-10-07,2025-10-07T08:45:00+05:30,acc_deposit_priya_hdfc_0001,deposit,DEBIT,CARD,130.00,CARD/DE/GOOGLE ONE,333769.00
TXN_PRIYA_SRC_DEPOSIT_20251008_0179,2025-10-08,2025-10-08T10:05:00+05:30,acc_deposit_priya_hdfc_0001,deposit,DEBIT,NACH,24500.00,NACH/DE/HDFC CREDILA EDUCATION LOAN/2025-10,309269.00
TXN_PRIYA_SRC_DEPOSIT_20251009_0180,2025-10-09,2025-10-09T10:05:00+05:30,acc_deposit_priya_hdfc_0001,deposit,DEBIT,FT,35000.00,FT/DE/PAPA SBI/2025-10,274269.00
TXN_PRIYA_SRC_DEPOSIT_20251011_0220,2025-10-11,2025-10-11T09:35:00+05:30,acc_deposit_priya_hdfc_0001,deposit,DEBIT,NACH,18000.00,NACH/DE/HDFC RECURRING DEPOSIT/2025-10,256269.00
TXN_PRIYA_SRC_RECURRING_DEPOSIT_20251011_0221,2025-10-11,2025-10-11T10:00:00+05:30,acc_rd_priya_hdfc_0001,recurring_deposit,CREDIT,NACH,18000.00,RD/CR/INSTALLMENT/2025-10,180000.00
TXN_PRIYA_SRC_DEPOSIT_20251012_0181,2025-10-12,2025-10-12T10:05:00+05:30,acc_deposit_priya_hdfc_0001,deposit,DEBIT,UPI,8500.00,UPI/DE/MEENA HOUSEHELP/2025-10,247769.00
TXN_PRIYA_SRC_DEPOSIT_20251013_0190,2025-10-13,2025-10-13T08:45:00+05:30,acc_deposit_priya_hdfc_0001,deposit,DEBIT,CARD,129.00,CARD/DE/YOUTUBE PREMIUM,247640.00
TXN_PRIYA_SRC_DEPOSIT_20251013_0200,2025-10-13,2025-10-13T18:08:00+05:30,acc_deposit_priya_hdfc_0001,deposit,DEBIT,UPI,293.00,UPI/DE/METRO CARD,247347.00
TXN_PRIYA_SRC_DEPOSIT_20251013_0206,2025-10-13,2025-10-13T20:24:00+05:30,acc_deposit_priya_hdfc_0001,deposit,DEBIT,UPI,608.00,UPI/DE/FRESH VEG QR,246739.00
TXN_PRIYA_SRC_DEPOSIT_20251014_0218,2025-10-14,2025-10-14T09:45:00+05:30,acc_deposit_priya_hdfc_0001,deposit,DEBIT,NACH,12000.00,NACH/DE/NPS TIER I/2025-10,234739.00
TXN_PRIYA_SRC_MUTUAL_FUNDS_20251014_0219,2025-10-14,2025-10-14T10:30:00+05:30,acc_mf_priya_hdfc_0001,mutual_funds,CREDIT,SIP,12000.00,MF/CR/PURCHASE/NPS TIER I/2025-10,1040000.00
TXN_PRIYA_SRC_DEPOSIT_20251015_0182,2025-10-15,2025-10-15T10:05:00+05:30,acc_deposit_priya_hdfc_0001,deposit,DEBIT,UPI,2499.00,UPI/DE/ACT FIBERNET BILL/2025-10,232240.00
TXN_PRIYA_SRC_DEPOSIT_20251015_0214,2025-10-15,2025-10-15T12:55:00+05:30,acc_deposit_priya_hdfc_0001,deposit,DEBIT,UPI,356.00,UPI/DE/FRUIT SHOP,231884.00
TXN_PRIYA_SRC_DEPOSIT_20251015_0205,2025-10-15,2025-10-15T19:51:00+05:30,acc_deposit_priya_hdfc_0001,deposit,DEBIT,UPI,164.00,UPI/DE/NANDINI MILK,231720.00
TXN_PRIYA_SRC_DEPOSIT_20251016_0194,2025-10-16,2025-10-16T18:35:00+05:30,acc_deposit_priya_hdfc_0001,deposit,DEBIT,FT,32000.00,FT/DE/ANIKET ICICI/2025-10,199720.00
TXN_PRIYA_SRC_DEPOSIT_20251016_0197,2025-10-16,2025-10-16T18:47:00+05:30,acc_deposit_priya_hdfc_0001,deposit,DEBIT,UPI,884.00,UPI/DE/MOM,198836.00
TXN_PRIYA_SRC_DEPOSIT_20251016_0204,2025-10-16,2025-10-16T20:20:00+05:30,acc_deposit_priya_hdfc_0001,deposit,DEBIT,UPI,541.00,UPI/DE/FRUIT SHOP,198295.00
TXN_PRIYA_SRC_DEPOSIT_20251017_0196,2025-10-17,2025-10-17T08:09:00+05:30,acc_deposit_priya_hdfc_0001,deposit,DEBIT,UPI,783.00,UPI/DE/OM MEDICALS,197512.00
TXN_PRIYA_SRC_DEPOSIT_20251017_0183,2025-10-17,2025-10-17T10:05:00+05:30,acc_deposit_priya_hdfc_0001,deposit,DEBIT,UPI,2740.00,UPI/DE/BESCOM ELECTRICITY/2025-10,194772.00
TXN_PRIYA_SRC_DEPOSIT_20251017_0561,2025-10-17,2025-10-17T18:20:00+05:30,acc_deposit_priya_hdfc_0001,deposit,DEBIT,CARD,46500.00,CARD/DE/MYNTRA,148272.00
TXN_PRIYA_SRC_DEPOSIT_20251018_0191,2025-10-18,2025-10-18T08:45:00+05:30,acc_deposit_priya_hdfc_0001,deposit,DEBIT,CARD,119.00,CARD/DE/SPOTIFY,148153.00
TXN_PRIYA_SRC_DEPOSIT_20251019_0184,2025-10-19,2025-10-19T10:05:00+05:30,acc_deposit_priya_hdfc_0001,deposit,DEBIT,UPI,899.00,UPI/DE/AIRTEL MOBILE/2025-10,147254.00
TXN_PRIYA_SRC_DEPOSIT_20251019_0562,2025-10-19,2025-10-19T18:20:00+05:30,acc_deposit_priya_hdfc_0001,deposit,DEBIT,FT,22000.00,FT/DE/MOM HDFC,125254.00
TXN_PRIYA_SRC_DEPOSIT_20251020_0192,2025-10-20,2025-10-20T08:45:00+05:30,acc_deposit_priya_hdfc_0001,deposit,DEBIT,CARD,650.00,CARD/DE/LINKEDIN PREMIUM,124604.00
TXN_PRIYA_SRC_DEPOSIT_20251020_0207,2025-10-20,2025-10-20T20:50:00+05:30,acc_deposit_priya_hdfc_0001,deposit,DEBIT,UPI,1113.00,UPI/DE/PHONEPEQR4381,123491.00
TXN_PRIYA_SRC_DEPOSIT_20251021_0208,2025-10-21,2025-10-21T19:18:00+05:30,acc_deposit_priya_hdfc_0001,deposit,DEBIT,UPI,364.00,UPI/DE/IYENGAR BAKERY,123127.00
TXN_PRIYA_SRC_DEPOSIT_20251022_0185,2025-10-22,2025-10-22T10:05:00+05:30,acc_deposit_priya_hdfc_0001,deposit,DEBIT,UPI,6200.00,UPI/DE/APARTMENT MAINTENANCE/2025-10,116927.00
TXN_PRIYA_SRC_DEPOSIT_20251023_0187,2025-10-23,2025-10-23T10:35:00+05:30,acc_deposit_priya_hdfc_0001,deposit,DEBIT,UPI,1150.00,UPI/DE/INDANE LPG/2025-10,115777.00
TXN_PRIYA_SRC_DEPOSIT_20251024_0195,2025-10-24,2025-10-24T12:20:00+05:30,acc_deposit_priya_hdfc_0001,deposit,CREDIT,FT,30000.00,FT/CR/ICICI SAVINGS TRANSFER/2025-10,145777.00
TXN_PRIYA_SRC_DEPOSIT_20251025_0193,2025-10-25,2025-10-25T08:45:00+05:30,acc_deposit_priya_hdfc_0001,deposit,DEBIT,CARD,249.00,CARD/DE/NEWSPAPER DIGITAL,145528.00
TXN_PRIYA_SRC_DEPOSIT_20251025_0209,2025-10-25,2025-10-25T19:36:00+05:30,acc_deposit_priya_hdfc_0001,deposit,DEBIT,UPI,322.00,UPI/DE/IYENGAR BAKERY,145206.00
TXN_PRIYA_SRC_DEPOSIT_20251026_0215,2025-10-26,2025-10-26T11:40:00+05:30,acc_deposit_priya_hdfc_0001,deposit,DEBIT,ATM,5000.00,ATM/DE/CASH WITHDRAWAL/2025-10,140206.00
TXN_PRIYA_SRC_DEPOSIT_20251028_0177,2025-10-28,2025-10-28T09:15:00+05:30,acc_deposit_priya_hdfc_0001,deposit,CREDIT,FT,255440.00,FT/CR/BANYAN PRODUCT LABS SALARY/2025-10,395646.00
TXN_PRIYA_SRC_DEPOSIT_20251028_0203,2025-10-28,2025-10-28T10:37:00+05:30,acc_deposit_priya_hdfc_0001,deposit,DEBIT,UPI,522.00,UPI/DE/SURESH,395124.00
TXN_PRIYA_SRC_DEPOSIT_20251028_0210,2025-10-28,2025-10-28T20:05:00+05:30,acc_deposit_priya_hdfc_0001,deposit,DEBIT,UPI,524.00,UPI/DE/PUJA STORE,394600.00
TXN_PRIYA_SRC_DEPOSIT_20251029_0201,2025-10-29,2025-10-29T12:05:00+05:30,acc_deposit_priya_hdfc_0001,deposit,DEBIT,UPI,900.00,UPI/DE/DIAGNOSTIC CENTER,393700.00
TXN_PRIYA_SRC_DEPOSIT_20251029_0213,2025-10-29,2025-10-29T12:46:00+05:30,acc_deposit_priya_hdfc_0001,deposit,DEBIT,UPI,694.00,UPI/DE/CAR CLEANER,393006.00
TXN_PRIYA_SRC_DEPOSIT_20251029_0202,2025-10-29,2025-10-29T19:40:00+05:30,acc_deposit_priya_hdfc_0001,deposit,DEBIT,UPI,387.00,UPI/DE/IYENGAR BAKERY,392619.00
TXN_PRIYA_SRC_DEPOSIT_20251031_0198,2025-10-31,2025-10-31T10:49:00+05:30,acc_deposit_priya_hdfc_0001,deposit,DEBIT,UPI,1553.00,UPI/DE/BHARATPE*OM SAI,391066.00
TXN_PRIYA_SRC_DEPOSIT_20251102_0250,2025-11-02,2025-11-02T12:24:00+05:30,acc_deposit_priya_hdfc_0001,deposit,DEBIT,UPI,285.00,UPI/DE/PAYTMQR2819,390781.00
TXN_PRIYA_SRC_DEPOSIT_20251102_0257,2025-11-02,2025-11-02T20:01:00+05:30,acc_deposit_priya_hdfc_0001,deposit,DEBIT,UPI,718.00,UPI/DE/PHONEPEQR4381,390063.00
TXN_PRIYA_SRC_DEPOSIT_20251103_0223,2025-11-03,2025-11-03T10:05:00+05:30,acc_deposit_priya_hdfc_0001,deposit,DEBIT,UPI,68000.00,UPI/DE/RENT TO LANDLORD/2025-11,322063.00
TXN_PRIYA_SRC_DEPOSIT_20251104_0244,2025-11-04,2025-11-04T08:35:00+05:30,acc_deposit_priya_hdfc_0001,deposit,DEBIT,UPI,46.00,UPI/DE/NANDINI MILK,322017.00
TXN_PRIYA_SRC_DEPOSIT_20251104_0256,2025-11-04,2025-11-04T10:29:00+05:30,acc_deposit_priya_hdfc_0001,deposit,DEBIT,UPI,233.00,UPI/DE/PAYTMQR2819,321784.00
TXN_PRIYA_SRC_DEPOSIT_20251104_0243,2025-11-04,2025-11-04T10:44:00+05:30,acc_deposit_priya_hdfc_0001,deposit,DEBIT,UPI,1969.00,UPI/DE/MEENA HOUSEHELP,319815.00
TXN_PRIYA_SRC_DEPOSIT_20251105_0232,2025-11-05,2025-11-05T08:45:00+05:30,acc_deposit_priya_hdfc_0001,deposit,DEBIT,CARD,75.00,CARD/DE/ICLOUD,319740.00
TXN_PRIYA_SRC_DEPOSIT_20251106_0572,2025-11-06,2025-11-06T09:30:00+05:30,acc_deposit_priya_hdfc_0001,deposit,DEBIT,NACH,42000.00,NACH/DE/MAX LIFE TERM PREMIUM,277740.00
TXN_PRIYA_SRC_DEPOSIT_20251106_0266,2025-11-06,2025-11-06T09:45:00+05:30,acc_deposit_priya_hdfc_0001,deposit,DEBIT,NACH,28000.00,NACH/DE/ICICI PRUDENTIAL BLUECHIP/2025-11,249740.00
TXN_PRIYA_SRC_INSURANCE_POLICIES_20251106_0573,2025-11-06,2025-11-06T10:05:00+05:30,acc_ins_priya_family_0001,insurance_policies,CREDIT,POLICY,14700.00,INS/CR/POLICY VALUE,185550.00
TXN_PRIYA_SRC_MUTUAL_FUNDS_20251106_0267,2025-11-06,2025-11-06T10:30:00+05:30,acc_mf_priya_hdfc_0001,mutual_funds,CREDIT,SIP,28000.00,MF/CR/PURCHASE/ICICI PRUDENTIAL BLUECHIP/2025-11,1068000.00
TXN_PRIYA_SRC_DEPOSIT_20251106_0262,2025-11-06,2025-11-06T10:39:00+05:30,acc_deposit_priya_hdfc_0001,deposit,DEBIT,UPI,248.00,UPI/DE/RAJU VEG,249492.00
TXN_PRIYA_SRC_DEPOSIT_20251106_0238,2025-11-06,2025-11-06T13:10:00+05:30,acc_deposit_priya_hdfc_0001,deposit,DEBIT,FT,22000.00,FT/DE/HDFC SAVINGS TRANSFER/2025-11,227492.00
TXN_PRIYA_SRC_DEPOSIT_20251107_0233,2025-11-07,2025-11-07T08:45:00+05:30,acc_deposit_priya_hdfc_0001,deposit,DEBIT,CARD,130.00,CARD/DE/GOOGLE ONE,227362.00
TXN_PRIYA_SRC_DEPOSIT_20251107_0249,2025-11-07,2025-11-07T10:06:00+05:30,acc_deposit_priya_hdfc_0001,deposit,DEBIT,UPI,531.00,UPI/DE/OM MEDICALS,226831.00
TXN_PRIYA_SRC_DEPOSIT_20251107_0240,2025-11-07,2025-11-07T17:01:00+05:30,acc_deposit_priya_hdfc_0001,deposit,DEBIT,UPI,633.00,UPI/DE/PHONEPEQR4381,226198.00
TXN_PRIYA_SRC_DEPOSIT_20251108_0242,2025-11-08,2025-11-08T08:13:00+05:30,acc_deposit_priya_hdfc_0001,deposit,DEBIT,UPI,784.00,UPI/DE/OM MEDICALS,225414.00
TXN_PRIYA_SRC_DEPOSIT_20251108_0224,2025-11-08,2025-11-08T10:05:00+05:30,acc_deposit_priya_hdfc_0001,deposit,DEBIT,NACH,24500.00,NACH/DE/HDFC CREDILA EDUCATION LOAN/2025-11,200914.00
TXN_PRIYA_SRC_DEPOSIT_20251109_0225,2025-11-09,2025-11-09T10:05:00+05:30,acc_deposit_priya_hdfc_0001,deposit,DEBIT,FT,35000.00,FT/DE/PAPA SBI/2025-11,165914.00
TXN_PRIYA_SRC_DEPOSIT_20251110_0252,2025-11-10,2025-11-10T10:30:00+05:30,acc_deposit_priya_hdfc_0001,deposit,DEBIT,UPI,432.00,UPI/DE/FRESH VEG QR,165482.00
TXN_PRIYA_SRC_DEPOSIT_20251110_0239,2025-11-10,2025-11-10T12:26:00+05:30,acc_deposit_priya_hdfc_0001,deposit,DEBIT,UPI,2954.00,UPI/DE/MEENA HOUSEHELP,162528.00
TXN_PRIYA_SRC_DEPOSIT_20251111_0270,2025-11-11,2025-11-11T09:35:00+05:30,acc_deposit_priya_hdfc_0001,deposit,DEBIT,NACH,18000.00,NACH/DE/HDFC RECURRING DEPOSIT/2025-11,144528.00
TXN_PRIYA_SRC_RECURRING_DEPOSIT_20251111_0271,2025-11-11,2025-11-11T10:00:00+05:30,acc_rd_priya_hdfc_0001,recurring_deposit,CREDIT,NACH,18000.00,RD/CR/INSTALLMENT/2025-11,198000.00
TXN_PRIYA_SRC_DEPOSIT_20251111_0247,2025-11-11,2025-11-11T10:55:00+05:30,acc_deposit_priya_hdfc_0001,deposit,DEBIT,UPI,1360.00,UPI/DE/DR SHARMA CLINIC,143168.00
TXN_PRIYA_SRC_DEPOSIT_20251111_0254,2025-11-11,2025-11-11T19:31:00+05:30,acc_deposit_priya_hdfc_0001,deposit,DEBIT,UPI,89.00,UPI/DE/SHIV TEA STALL,143079.00
TXN_PRIYA_SRC_DEPOSIT_20251112_0226,2025-11-12,2025-11-12T10:05:00+05:30,acc_deposit_priya_hdfc_0001,deposit,DEBIT,UPI,8500.00,UPI/DE/MEENA HOUSEHELP/2025-11,134579.00
TXN_PRIYA_SRC_DEPOSIT_20251112_0263,2025-11-12,2025-11-12T17:43:00+05:30,acc_deposit_priya_hdfc_0001,deposit,DEBIT,UPI,2149.00,UPI/DE/SURESH,132430.00
TXN_PRIYA_SRC_DEPOSIT_20251113_0234,2025-11-13,2025-11-13T08:45:00+05:30,acc_deposit_priya_hdfc_0001,deposit,DEBIT,CARD,129.00,CARD/DE/YOUTUBE PREMIUM,132301.00
TXN_PRIYA_SRC_DEPOSIT_20251113_0265,2025-11-13,2025-11-13T11:40:00+05:30,acc_deposit_priya_hdfc_0001,deposit,DEBIT,ATM,3000.00,ATM/DE/CASH WITHDRAWAL/2025-11,129301.00
TXN_PRIYA_SRC_DEPOSIT_20251114_0268,2025-11-14,2025-11-14T09:45:00+05:30,acc_deposit_priya_hdfc_0001,deposit,DEBIT,NACH,12000.00,NACH/DE/NPS TIER I/2025-11,117301.00
TXN_PRIYA_SRC_MUTUAL_FUNDS_20251114_0269,2025-11-14,2025-11-14T10:30:00+05:30,acc_mf_priya_hdfc_0001,mutual_funds,CREDIT,SIP,12000.00,MF/CR/PURCHASE/NPS TIER I/2025-11,1080000.00
TXN_PRIYA_SRC_DEPOSIT_20251115_0227,2025-11-15,2025-11-15T10:05:00+05:30,acc_deposit_priya_hdfc_0001,deposit,DEBIT,UPI,2499.00,UPI/DE/ACT FIBERNET BILL/2025-11,114802.00
TXN_PRIYA_SRC_DEPOSIT_20251117_0228,2025-11-17,2025-11-17T10:05:00+05:30,acc_deposit_priya_hdfc_0001,deposit,DEBIT,UPI,1680.00,UPI/DE/BESCOM ELECTRICITY/2025-11,113122.00
TXN_PRIYA_SRC_DEPOSIT_20251117_0255,2025-11-17,2025-11-17T17:16:00+05:30,acc_deposit_priya_hdfc_0001,deposit,DEBIT,UPI,183.00,UPI/DE/SHIV TEA STALL,112939.00
TXN_PRIYA_SRC_DEPOSIT_20251117_0253,2025-11-17,2025-11-17T17:48:00+05:30,acc_deposit_priya_hdfc_0001,deposit,DEBIT,UPI,579.00,UPI/DE/METRO CARD,112360.00
TXN_PRIYA_SRC_DEPOSIT_20251118_0235,2025-11-18,2025-11-18T08:45:00+05:30,acc_deposit_priya_hdfc_0001,deposit,DEBIT,CARD,119.00,CARD/DE/SPOTIFY,112241.00
TXN_PRIYA_SRC_DEPOSIT_20251119_0229,2025-11-19,2025-11-19T10:05:00+05:30,acc_deposit_priya_hdfc_0001,deposit,DEBIT,UPI,899.00,UPI/DE/AIRTEL MOBILE/2025-11,111342.00
TXN_PRIYA_SRC_DEPOSIT_20251119_0241,2025-11-19,2025-11-19T19:28:00+05:30,acc_deposit_priya_hdfc_0001,deposit,DEBIT,UPI,763.00,UPI/DE/SRI LAKSHMI STORES,110579.00
TXN_PRIYA_SRC_DEPOSIT_20251120_0236,2025-11-20,2025-11-20T08:45:00+05:30,acc_deposit_priya_hdfc_0001,deposit,DEBIT,CARD,650.00,CARD/DE/LINKEDIN PREMIUM,109929.00
TXN_PRIYA_SRC_DEPOSIT_20251120_0231,2025-11-20,2025-11-20T10:35:00+05:30,acc_deposit_priya_hdfc_0001,deposit,DEBIT,UPI,299.00,UPI/DE/AIRTEL DATA BOOSTER/2025-11,109630.00
TXN_PRIYA_SRC_DEPOSIT_20251121_0259,2025-11-21,2025-11-21T08:23:00+05:30,acc_deposit_priya_hdfc_0001,deposit,DEBIT,UPI,164.00,UPI/DE/NANDINI MILK,109466.00
TXN_PRIYA_SRC_DEPOSIT_20251121_0260,2025-11-21,2025-11-21T19:34:00+05:30,acc_deposit_priya_hdfc_0001,deposit,DEBIT,UPI,852.00,UPI/DE/METRO CARD,108614.00
TXN_PRIYA_SRC_DEPOSIT_20251121_0251,2025-11-21,2025-11-21T19:54:00+05:30,acc_deposit_priya_hdfc_0001,deposit,DEBIT,UPI,415.00,UPI/DE/RAJ ELECTRICIAN,108199.00
TXN_PRIYA_SRC_DEPOSIT_20251122_0230,2025-11-22,2025-11-22T10:05:00+05:30,acc_deposit_priya_hdfc_0001,deposit,DEBIT,UPI,6200.00,UPI/DE/APARTMENT MAINTENANCE/2025-11,101999.00
TXN_PRIYA_SRC_DEPOSIT_20251124_0587,2025-11-24,2025-11-24T10:20:00+05:30,acc_deposit_priya_hdfc_0001,deposit,DEBIT,FT,56000.00,FT/DE/HDFC CREDIT CARD PAYMENT,45999.00
TXN_PRIYA_SRC_DEPOSIT_20251124_0264,2025-11-24,2025-11-24T10:47:00+05:30,acc_deposit_priya_hdfc_0001,deposit,DEBIT,UPI,2697.00,UPI/DE/COOK PAYMENT,43302.00
TXN_PRIYA_SRC_DEPOSIT_20251124_0258,2025-11-24,2025-11-24T17:00:00+05:30,acc_deposit_priya_hdfc_0001,deposit,DEBIT,UPI,672.00,UPI/DE/FRUIT SHOP,42630.00
TXN_PRIYA_SRC_DEPOSIT_20251125_0237,2025-11-25,2025-11-25T08:45:00+05:30,acc_deposit_priya_hdfc_0001,deposit,DEBIT,CARD,249.00,CARD/DE/NEWSPAPER DIGITAL,42381.00
TXN_PRIYA_SRC_DEPOSIT_20251127_0248,2025-11-27,2025-11-27T17:03:00+05:30,acc_deposit_priya_hdfc_0001,deposit,DEBIT,UPI,170.00,UPI/DE/CHAAT CORNER,42211.00
TXN_PRIYA_SRC_DEPOSIT_20251127_0246,2025-11-27,2025-11-27T19:04:00+05:30,acc_deposit_priya_hdfc_0001,deposit,DEBIT,UPI,1514.00,UPI/DE/PAPA,40697.00
TXN_PRIYA_SRC_DEPOSIT_20251128_0222,2025-11-28,2025-11-28T09:15:00+05:30,acc_deposit_priya_hdfc_0001,deposit,CREDIT,FT,265157.00,FT/CR/BANYAN PRODUCT LABS SALARY/2025-11,305854.00
TXN_PRIYA_SRC_DEPOSIT_20251128_0245,2025-11-28,2025-11-28T12:51:00+05:30,acc_deposit_priya_hdfc_0001,deposit,DEBIT,UPI,461.00,UPI/DE/CAR CLEANER,305393.00
TXN_PRIYA_SRC_DEPOSIT_20251130_0261,2025-11-30,2025-11-30T08:19:00+05:30,acc_deposit_priya_hdfc_0001,deposit,DEBIT,UPI,900.00,UPI/DE/BREWERY,304493.00
TXN_PRIYA_SRC_DEPOSIT_20251202_0297,2025-12-02,2025-12-02T08:53:00+05:30,acc_deposit_priya_hdfc_0001,deposit,DEBIT,UPI,605.00,UPI/DE/RAJ ELECTRICIAN,303888.00
TXN_PRIYA_SRC_DEPOSIT_20251203_0302,2025-12-03,2025-12-03T08:54:00+05:30,acc_deposit_priya_hdfc_0001,deposit,DEBIT,UPI,173.00,UPI/DE/AUTO RAMESH,303715.00
TXN_PRIYA_SRC_DEPOSIT_20251203_0274,2025-12-03,2025-12-03T10:05:00+05:30,acc_deposit_priya_hdfc_0001,deposit,DEBIT,UPI,68000.00,UPI/DE/RENT TO LANDLORD/2025-12,235715.00
TXN_PRIYA_SRC_DEPOSIT_20251203_0300,2025-12-03,2025-12-03T18:51:00+05:30,acc_deposit_priya_hdfc_0001,deposit,DEBIT,UPI,900.00,UPI/DE/DIAGNOSTIC CENTER,234815.00
TXN_PRIYA_SRC_DEPOSIT_20251204_0290,2025-12-04,2025-12-04T18:02:00+05:30,acc_deposit_priya_hdfc_0001,deposit,DEBIT,UPI,690.00,UPI/DE/FRUIT SHOP,234125.00
TXN_PRIYA_SRC_DEPOSIT_20251205_0283,2025-12-05,2025-12-05T08:45:00+05:30,acc_deposit_priya_hdfc_0001,deposit,DEBIT,CARD,75.00,CARD/DE/ICLOUD,234050.00
TXN_PRIYA_SRC_DEPOSIT_20251205_0296,2025-12-05,2025-12-05T10:55:00+05:30,acc_deposit_priya_hdfc_0001,deposit,DEBIT,UPI,491.00,UPI/DE/RAJU VEG,233559.00
TXN_PRIYA_SRC_DEPOSIT_20251206_0318,2025-12-06,2025-12-06T09:45:00+05:30,acc_deposit_priya_hdfc_0001,deposit,DEBIT,NACH,28000.00,NACH/DE/ICICI PRUDENTIAL BLUECHIP/2025-12,205559.00
TXN_PRIYA_SRC_MUTUAL_FUNDS_20251206_0319,2025-12-06,2025-12-06T10:30:00+05:30,acc_mf_priya_hdfc_0001,mutual_funds,CREDIT,SIP,28000.00,MF/CR/PURCHASE/ICICI PRUDENTIAL BLUECHIP/2025-12,1108000.00
TXN_PRIYA_SRC_DEPOSIT_20251207_0284,2025-12-07,2025-12-07T08:45:00+05:30,acc_deposit_priya_hdfc_0001,deposit,DEBIT,CARD,130.00,CARD/DE/GOOGLE ONE,205429.00
TXN_PRIYA_SRC_DEPOSIT_20251207_0577,2025-12-07,2025-12-07T09:20:00+05:30,acc_deposit_priya_hdfc_0001,deposit,CREDIT,FT,80000.00,FT/CR/ICICI SAVINGS TRANSFER,285429.00
TXN_PRIYA_SRC_DEPOSIT_20251208_0275,2025-12-08,2025-12-08T10:05:00+05:30,acc_deposit_priya_hdfc_0001,deposit,DEBIT,NACH,24500.00,NACH/DE/HDFC CREDILA EDUCATION LOAN/2025-12,260929.00
TXN_PRIYA_SRC_DEPOSIT_20251208_0292,2025-12-08,2025-12-08T10:09:00+05:30,acc_deposit_priya_hdfc_0001,deposit,DEBIT,UPI,1736.00,UPI/DE/PAYTMQR2819,259193.00
TXN_PRIYA_SRC_DEPOSIT_20251208_0563,2025-12-08,2025-12-08T18:20:00+05:30,acc_deposit_priya_hdfc_0001,deposit,DEBIT,CARD,72000.00,CARD/DE/INDIGO AIRLINES,187193.00
TXN_PRIYA_SRC_DEPOSIT_20251209_0276,2025-12-09,2025-12-09T10:05:00+05:30,acc_deposit_priya_hdfc_0001,deposit,DEBIT,FT,35000.00,FT/DE/PAPA SBI/2025-12,152193.00
TXN_PRIYA_SRC_DEPOSIT_20251209_0316,2025-12-09,2025-12-09T17:38:00+05:30,acc_deposit_priya_hdfc_0001,deposit,DEBIT,UPI,1873.00,UPI/DE/GIFT PALACE,150320.00
TXN_PRIYA_SRC_DEPOSIT_20251209_0564,2025-12-09,2025-12-09T18:20:00+05:30,acc_deposit_priya_hdfc_0001,deposit,DEBIT,CARD,54000.00,CARD/DE/MAKE MY TRIP HOTEL,96320.00
TXN_PRIYA_SRC_DEPOSIT_20251209_0306,2025-12-09,2025-12-09T19:11:00+05:30,acc_deposit_priya_hdfc_0001,deposit,DEBIT,UPI,481.00,UPI/DE/PUJA STORE,95839.00
TXN_PRIYA_SRC_DEPOSIT_20251210_0303,2025-12-10,2025-12-10T10:05:00+05:30,acc_deposit_priya_hdfc_0001,deposit,DEBIT,UPI,820.00,UPI/DE/SURESH,95019.00
TXN_PRIYA_SRC_DEPOSIT_20251210_0291,2025-12-10,2025-12-10T17:39:00+05:30,acc_deposit_priya_hdfc_0001,deposit,DEBIT,UPI,373.00,UPI/DE/NEHA,94646.00
TXN_PRIYA_SRC_DEPOSIT_20251210_0311,2025-12-10,2025-12-10T18:49:00+05:30,acc_deposit_priya_hdfc_0001,deposit,DEBIT,UPI,384.00,UPI/DE/WATER CAN SUPPLY,94262.00
TXN_PRIYA_SRC_DEPOSIT_20251211_0322,2025-12-11,2025-12-11T09:35:00+05:30,acc_deposit_priya_hdfc_0001,deposit,DEBIT,NACH,18000.00,NACH/DE/HDFC RECURRING DEPOSIT/2025-12,76262.00
TXN_PRIYA_SRC_RECURRING_DEPOSIT_20251211_0323,2025-12-11,2025-12-11T10:00:00+05:30,acc_rd_priya_hdfc_0001,recurring_deposit,CREDIT,NACH,18000.00,RD/CR/INSTALLMENT/2025-12,216000.00
TXN_PRIYA_SRC_DEPOSIT_20251211_0312,2025-12-11,2025-12-11T12:32:00+05:30,acc_deposit_priya_hdfc_0001,deposit,DEBIT,UPI,332.00,UPI/DE/FRESH VEG QR,75930.00
TXN_PRIYA_SRC_DEPOSIT_20251212_0277,2025-12-12,2025-12-12T10:05:00+05:30,acc_deposit_priya_hdfc_0001,deposit,DEBIT,UPI,8500.00,UPI/DE/MEENA HOUSEHELP/2025-12,67430.00
TXN_PRIYA_SRC_DEPOSIT_20251212_0308,2025-12-12,2025-12-12T19:51:00+05:30,acc_deposit_priya_hdfc_0001,deposit,DEBIT,UPI,669.00,UPI/DE/FLOWER SHOP,66761.00
TXN_PRIYA_SRC_DEPOSIT_20251213_0285,2025-12-13,2025-12-13T08:45:00+05:30,acc_deposit_priya_hdfc_0001,deposit,DEBIT,CARD,129.00,CARD/DE/YOUTUBE PREMIUM,66632.00
TXN_PRIYA_SRC_DEPOSIT_20251213_0317,2025-12-13,2025-12-13T11:40:00+05:30,acc_deposit_priya_hdfc_0001,deposit,DEBIT,ATM,7000.00,ATM/DE/CASH WITHDRAWAL/2025-12,59632.00
TXN_PRIYA_SRC_DEPOSIT_20251214_0320,2025-12-14,2025-12-14T09:45:00+05:30,acc_deposit_priya_hdfc_0001,deposit,DEBIT,NACH,12000.00,NACH/DE/NPS TIER I/2025-12,47632.00
TXN_PRIYA_SRC_MUTUAL_FUNDS_20251214_0321,2025-12-14,2025-12-14T10:30:00+05:30,acc_mf_priya_hdfc_0001,mutual_funds,CREDIT,SIP,12000.00,MF/CR/PURCHASE/NPS TIER I/2025-12,1120000.00
TXN_PRIYA_SRC_DEPOSIT_20251214_0295,2025-12-14,2025-12-14T12:02:00+05:30,acc_deposit_priya_hdfc_0001,deposit,DEBIT,UPI,123.00,UPI/DE/XEROX SHOP,47509.00
TXN_PRIYA_SRC_DEPOSIT_20251215_0278,2025-12-15,2025-12-15T10:05:00+05:30,acc_deposit_priya_hdfc_0001,deposit,DEBIT,UPI,2499.00,UPI/DE/ACT FIBERNET BILL/2025-12,45010.00
TXN_PRIYA_SRC_DEPOSIT_20251215_0315,2025-12-15,2025-12-15T20:27:00+05:30,acc_deposit_priya_hdfc_0001,deposit,DEBIT,UPI,1488.00,UPI/DE/PHONEPEQR4381,43522.00
TXN_PRIYA_SRC_DEPOSIT_20251215_0304,2025-12-15,2025-12-15T20:32:00+05:30,acc_deposit_priya_hdfc_0001,deposit,DEBIT,UPI,562.00,UPI/DE/FRUIT SHOP,42960.00
TXN_PRIYA_SRC_DEPOSIT_20251217_0578,2025-12-17,2025-12-17T09:20:00+05:30,acc_deposit_priya_hdfc_0001,deposit,CREDIT,FT,70000.00,FT/CR/OWN ACCOUNT TRANSFER,112960.00
TXN_PRIYA_SRC_DEPOSIT_20251217_0279,2025-12-17,2025-12-17T10:05:00+05:30,acc_deposit_priya_hdfc_0001,deposit,DEBIT,UPI,1460.00,UPI/DE/BESCOM ELECTRICITY/2025-12,111500.00
TXN_PRIYA_SRC_DEPOSIT_20251218_0286,2025-12-18,2025-12-18T08:45:00+05:30,acc_deposit_priya_hdfc_0001,deposit,DEBIT,CARD,119.00,CARD/DE/SPOTIFY,111381.00
TXN_PRIYA_SRC_DEPOSIT_20251218_0298,2025-12-18,2025-12-18T19:16:00+05:30,acc_deposit_priya_hdfc_0001,deposit,DEBIT,UPI,224.00,UPI/DE/KIRANA MART,111157.00
TXN_PRIYA_SRC_DEPOSIT_20251219_0280,2025-12-19,2025-12-19T10:05:00+05:30,acc_deposit_priya_hdfc_0001,deposit,DEBIT,UPI,899.00,UPI/DE/AIRTEL MOBILE/2025-12,110258.00
TXN_PRIYA_SRC_DEPOSIT_20251219_0294,2025-12-19,2025-12-19T17:23:00+05:30,acc_deposit_priya_hdfc_0001,deposit,DEBIT,UPI,3449.00,UPI/DE/MEENA HOUSEHELP,106809.00
TXN_PRIYA_SRC_DEPOSIT_20251219_0310,2025-12-19,2025-12-19T18:53:00+05:30,acc_deposit_priya_hdfc_0001,deposit,DEBIT,UPI,133.00,UPI/DE/IYENGAR BAKERY,106676.00
TXN_PRIYA_SRC_DEPOSIT_20251220_0301,2025-12-20,2025-12-20T08:01:00+05:30,acc_deposit_priya_hdfc_0001,deposit,DEBIT,UPI,265.00,UPI/DE/FRUIT SHOP,106411.00
TXN_PRIYA_SRC_DEPOSIT_20251220_0287,2025-12-20,2025-12-20T08:45:00+05:30,acc_deposit_priya_hdfc_0001,deposit,DEBIT,CARD,650.00,CARD/DE/LINKEDIN PREMIUM,105761.00
TXN_PRIYA_SRC_DEPOSIT_20251222_0281,2025-12-22,2025-12-22T10:05:00+05:30,acc_deposit_priya_hdfc_0001,deposit,DEBIT,UPI,6200.00,UPI/DE/APARTMENT MAINTENANCE/2025-12,99561.00
TXN_PRIYA_SRC_DEPOSIT_20251222_0309,2025-12-22,2025-12-22T20:29:00+05:30,acc_deposit_priya_hdfc_0001,deposit,DEBIT,UPI,2377.00,UPI/DE/COOK PAYMENT,97184.00
TXN_PRIYA_SRC_DEPOSIT_20251223_0293,2025-12-23,2025-12-23T19:02:00+05:30,acc_deposit_priya_hdfc_0001,deposit,DEBIT,UPI,837.00,UPI/DE/SANJAY PLUMBER,96347.00
TXN_PRIYA_SRC_DEPOSIT_20251224_0313,2025-12-24,2025-12-24T10:05:00+05:30,acc_deposit_priya_hdfc_0001,deposit,DEBIT,UPI,437.00,UPI/DE/RAJ ELECTRICIAN,95910.00
TXN_PRIYA_SRC_DEPOSIT_20251224_0282,2025-12-24,2025-12-24T10:35:00+05:30,acc_deposit_priya_hdfc_0001,deposit,DEBIT,UPI,1210.00,UPI/DE/HP GAS/2025-12,94700.00
TXN_PRIYA_SRC_DEPOSIT_20251224_0289,2025-12-24,2025-12-24T20:30:00+05:30,acc_deposit_priya_hdfc_0001,deposit,DEBIT,UPI,792.00,UPI/DE/OM MEDICALS,93908.00
TXN_PRIYA_SRC_DEPOSIT_20251225_0288,2025-12-25,2025-12-25T08:45:00+05:30,acc_deposit_priya_hdfc_0001,deposit,DEBIT,CARD,249.00,CARD/DE/NEWSPAPER DIGITAL,93659.00
TXN_PRIYA_SRC_DEPOSIT_20251226_0307,2025-12-26,2025-12-26T17:35:00+05:30,acc_deposit_priya_hdfc_0001,deposit,DEBIT,UPI,480.00,UPI/DE/KIRANA MART,93179.00
TXN_PRIYA_SRC_DEPOSIT_20251227_0299,2025-12-27,2025-12-27T18:21:00+05:30,acc_deposit_priya_hdfc_0001,deposit,DEBIT,UPI,2696.00,UPI/DE/COOK PAYMENT,90483.00
TXN_PRIYA_SRC_DEPOSIT_20251228_0272,2025-12-28,2025-12-28T09:15:00+05:30,acc_deposit_priya_hdfc_0001,deposit,CREDIT,FT,262055.00,FT/CR/BANYAN PRODUCT LABS SALARY/2025-12,352538.00
TXN_PRIYA_SRC_DEPOSIT_20251230_0314,2025-12-30,2025-12-30T08:38:00+05:30,acc_deposit_priya_hdfc_0001,deposit,DEBIT,UPI,53.00,UPI/DE/PARKING FEE,352485.00
TXN_PRIYA_SRC_DEPOSIT_20251230_0273,2025-12-30,2025-12-30T10:30:00+05:30,acc_deposit_priya_hdfc_0001,deposit,CREDIT,FT,3612.00,FT/CR/SAVINGS INTEREST/2025-12,356097.00
TXN_PRIYA_SRC_DEPOSIT_20251231_0305,2025-12-31,2025-12-31T20:47:00+05:30,acc_deposit_priya_hdfc_0001,deposit,DEBIT,UPI,900.00,UPI/DE/BREWERY,355197.00
TXN_PRIYA_SRC_DEPOSIT_20260101_0361,2026-01-01,2026-01-01T12:55:00+05:30,acc_deposit_priya_hdfc_0001,deposit,DEBIT,UPI,187.00,UPI/DE/SHIV TEA STALL,355010.00
TXN_PRIYA_SRC_DEPOSIT_20260103_0325,2026-01-03,2026-01-03T10:05:00+05:30,acc_deposit_priya_hdfc_0001,deposit,DEBIT,UPI,68000.00,UPI/DE/RENT TO LANDLORD/2026-01,287010.00
TXN_PRIYA_SRC_DEPOSIT_20260103_0343,2026-01-03,2026-01-03T12:23:00+05:30,acc_deposit_priya_hdfc_0001,deposit,DEBIT,UPI,2749.00,UPI/DE/DIAGNOSTIC CENTER,284261.00
TXN_PRIYA_SRC_DEPOSIT_20260104_0333,2026-01-04,2026-01-04T10:35:00+05:30,acc_deposit_priya_hdfc_0001,deposit,DEBIT,UPI,4500.00,UPI/DE/RENT DIFFERENCE LANDLORD/2026-01,279761.00
TXN_PRIYA_SRC_DEPOSIT_20260105_0334,2026-01-05,2026-01-05T08:45:00+05:30,acc_deposit_priya_hdfc_0001,deposit,DEBIT,CARD,75.00,CARD/DE/ICLOUD,279686.00
TXN_PRIYA_SRC_DEPOSIT_20260105_0348,2026-01-05,2026-01-05T19:26:00+05:30,acc_deposit_priya_hdfc_0001,deposit,DEBIT,UPI,308.00,UPI/DE/PRINT CENTER,279378.00
TXN_PRIYA_SRC_DEPOSIT_20260105_0359,2026-01-05,2026-01-05T19:55:00+05:30,acc_deposit_priya_hdfc_0001,deposit,DEBIT,UPI,349.00,UPI/DE/METRO CARD,279029.00
TXN_PRIYA_SRC_DEPOSIT_20260106_0367,2026-01-06,2026-01-06T09:45:00+05:30,acc_deposit_priya_hdfc_0001,deposit,DEBIT,NACH,28000.00,NACH/DE/ICICI PRUDENTIAL BLUECHIP/2026-01,251029.00
TXN_PRIYA_SRC_MUTUAL_FUNDS_20260106_0368,2026-01-06,2026-01-06T10:30:00+05:30,acc_mf_priya_hdfc_0001,mutual_funds,CREDIT,SIP,28000.00,MF/CR/PURCHASE/ICICI PRUDENTIAL BLUECHIP/2026-01,1148000.00
TXN_PRIYA_SRC_DEPOSIT_20260106_0366,2026-01-06,2026-01-06T11:41:00+05:30,acc_deposit_priya_hdfc_0001,deposit,DEBIT,ATM,3000.00,ATM/DE/CASH WITHDRAWAL/2026-01,248029.00
TXN_PRIYA_SRC_DEPOSIT_20260107_0335,2026-01-07,2026-01-07T08:45:00+05:30,acc_deposit_priya_hdfc_0001,deposit,DEBIT,CARD,130.00,CARD/DE/GOOGLE ONE,247899.00
TXN_PRIYA_SRC_DEPOSIT_20260107_0351,2026-01-07,2026-01-07T17:00:00+05:30,acc_deposit_priya_hdfc_0001,deposit,DEBIT,UPI,170.00,UPI/DE/PAYTMQR2819,247729.00
TXN_PRIYA_SRC_DEPOSIT_20260108_0326,2026-01-08,2026-01-08T10:05:00+05:30,acc_deposit_priya_hdfc_0001,deposit,DEBIT,NACH,24500.00,NACH/DE/HDFC CREDILA EDUCATION LOAN/2026-01,223229.00
TXN_PRIYA_SRC_DEPOSIT_20260108_0358,2026-01-08,2026-01-08T12:15:00+05:30,acc_deposit_priya_hdfc_0001,deposit,DEBIT,UPI,270.00,UPI/DE/APOLLO PHARMACY,222959.00
TXN_PRIYA_SRC_DEPOSIT_20260108_0364,2026-01-08,2026-01-08T18:15:00+05:30,acc_deposit_priya_hdfc_0001,deposit,DEBIT,UPI,559.00,UPI/DE/BHARATPE*OM SAI,222400.00
TXN_PRIYA_SRC_DEPOSIT_20260108_0353,2026-01-08,2026-01-08T19:42:00+05:30,acc_deposit_priya_hdfc_0001,deposit,DEBIT,UPI,856.00,UPI/DE/PAPA,221544.00
TXN_PRIYA_SRC_DEPOSIT_20260108_0362,2026-01-08,2026-01-08T20:43:00+05:30,acc_deposit_priya_hdfc_0001,deposit,DEBIT,UPI,584.00,UPI/DE/KIRANA MART,220960.00
TXN_PRIYA_SRC_DEPOSIT_20260109_0327,2026-01-09,2026-01-09T10:05:00+05:30,acc_deposit_priya_hdfc_0001,deposit,DEBIT,FT,35000.00,FT/DE/PAPA SBI/2026-01,185960.00
TXN_PRIYA_SRC_DEPOSIT_20260111_0371,2026-01-11,2026-01-11T09:35:00+05:30,acc_deposit_priya_hdfc_0001,deposit,DEBIT,NACH,18000.00,NACH/DE/HDFC RECURRING DEPOSIT/2026-01,167960.00
TXN_PRIYA_SRC_RECURRING_DEPOSIT_20260111_0372,2026-01-11,2026-01-11T10:00:00+05:30,acc_rd_priya_hdfc_0001,recurring_deposit,CREDIT,NACH,18000.00,RD/CR/INSTALLMENT/2026-01,234000.00
TXN_PRIYA_SRC_DEPOSIT_20260112_0328,2026-01-12,2026-01-12T10:05:00+05:30,acc_deposit_priya_hdfc_0001,deposit,DEBIT,UPI,8500.00,UPI/DE/MEENA HOUSEHELP/2026-01,159460.00
TXN_PRIYA_SRC_DEPOSIT_20260113_0336,2026-01-13,2026-01-13T08:45:00+05:30,acc_deposit_priya_hdfc_0001,deposit,DEBIT,CARD,129.00,CARD/DE/YOUTUBE PREMIUM,159331.00
TXN_PRIYA_SRC_DEPOSIT_20260114_0369,2026-01-14,2026-01-14T09:45:00+05:30,acc_deposit_priya_hdfc_0001,deposit,DEBIT,NACH,12000.00,NACH/DE/NPS TIER I/2026-01,147331.00
TXN_PRIYA_SRC_MUTUAL_FUNDS_20260114_0370,2026-01-14,2026-01-14T10:30:00+05:30,acc_mf_priya_hdfc_0001,mutual_funds,CREDIT,SIP,12000.00,MF/CR/PURCHASE/NPS TIER I/2026-01,1160000.00
TXN_PRIYA_SRC_DEPOSIT_20260114_0356,2026-01-14,2026-01-14T17:11:00+05:30,acc_deposit_priya_hdfc_0001,deposit,DEBIT,UPI,656.00,UPI/DE/PAPA,146675.00
TXN_PRIYA_SRC_DEPOSIT_20260114_0349,2026-01-14,2026-01-14T17:42:00+05:30,acc_deposit_priya_hdfc_0001,deposit,DEBIT,UPI,168.00,UPI/DE/SRI LAKSHMI STORES,146507.00
TXN_PRIYA_SRC_DEPOSIT_20260114_0347,2026-01-14,2026-01-14T19:13:00+05:30,acc_deposit_priya_hdfc_0001,deposit,DEBIT,UPI,83.00,UPI/DE/PRINT CENTER,146424.00
TXN_PRIYA_SRC_DEPOSIT_20260115_0579,2026-01-15,2026-01-15T09:20:00+05:30,acc_deposit_priya_hdfc_0001,deposit,CREDIT,FT,100000.00,FT/CR/ICICI SAVINGS TRANSFER,246424.00
TXN_PRIYA_SRC_DEPOSIT_20260115_0329,2026-01-15,2026-01-15T10:05:00+05:30,acc_deposit_priya_hdfc_0001,deposit,DEBIT,UPI,2499.00,UPI/DE/ACT FIBERNET BILL/2026-01,243925.00
TXN_PRIYA_SRC_DEPOSIT_20260116_0565,2026-01-16,2026-01-16T18:20:00+05:30,acc_deposit_priya_hdfc_0001,deposit,DEBIT,CARD,62000.00,CARD/DE/CROMA,181925.00
TXN_PRIYA_SRC_DEPOSIT_20260116_0340,2026-01-16,2026-01-16T18:35:00+05:30,acc_deposit_priya_hdfc_0001,deposit,DEBIT,FT,14000.00,FT/DE/ANIKET ICICI/2026-01,167925.00
TXN_PRIYA_SRC_DEPOSIT_20260116_0350,2026-01-16,2026-01-16T20:17:00+05:30,acc_deposit_priya_hdfc_0001,deposit,DEBIT,UPI,209.00,UPI/DE/SHIV TEA STALL,167716.00
TXN_PRIYA_SRC_DEPOSIT_20260116_0345,2026-01-16,2026-01-16T20:54:00+05:30,acc_deposit_priya_hdfc_0001,deposit,DEBIT,UPI,899.00,UPI/DE/SRI LAKSHMI STORES,166817.00
TXN_PRIYA_SRC_DEPOSIT_20260117_0330,2026-01-17,2026-01-17T10:05:00+05:30,acc_deposit_priya_hdfc_0001,deposit,DEBIT,UPI,1940.00,UPI/DE/BESCOM ELECTRICITY/2026-01,164877.00
TXN_PRIYA_SRC_DEPOSIT_20260118_0337,2026-01-18,2026-01-18T08:45:00+05:30,acc_deposit_priya_hdfc_0001,deposit,DEBIT,CARD,119.00,CARD/DE/SPOTIFY,164758.00
TXN_PRIYA_SRC_DEPOSIT_20260119_0331,2026-01-19,2026-01-19T10:05:00+05:30,acc_deposit_priya_hdfc_0001,deposit,DEBIT,UPI,899.00,UPI/DE/AIRTEL MOBILE/2026-01,163859.00
TXN_PRIYA_SRC_DEPOSIT_20260120_0338,2026-01-20,2026-01-20T08:45:00+05:30,acc_deposit_priya_hdfc_0001,deposit,DEBIT,CARD,650.00,CARD/DE/LINKEDIN PREMIUM,163209.00
TXN_PRIYA_SRC_DEPOSIT_20260120_0354,2026-01-20,2026-01-20T20:38:00+05:30,acc_deposit_priya_hdfc_0001,deposit,DEBIT,UPI,886.00,UPI/DE/RO SERVICE,162323.00
TXN_PRIYA_SRC_DEPOSIT_20260121_0365,2026-01-21,2026-01-21T11:40:00+05:30,acc_deposit_priya_hdfc_0001,deposit,DEBIT,ATM,10000.00,ATM/DE/CASH WITHDRAWAL/2026-01,152323.00
TXN_PRIYA_SRC_DEPOSIT_20260121_0363,2026-01-21,2026-01-21T12:34:00+05:30,acc_deposit_priya_hdfc_0001,deposit,DEBIT,UPI,642.00,UPI/DE/PHONEPEQR4381,151681.00
TXN_PRIYA_SRC_DEPOSIT_20260122_0332,2026-01-22,2026-01-22T10:05:00+05:30,acc_deposit_priya_hdfc_0001,deposit,DEBIT,UPI,6200.00,UPI/DE/APARTMENT MAINTENANCE/2026-01,145481.00
TXN_PRIYA_SRC_DEPOSIT_20260122_0346,2026-01-22,2026-01-22T10:49:00+05:30,acc_deposit_priya_hdfc_0001,deposit,DEBIT,UPI,287.00,UPI/DE/NATURAL FRUITS,145194.00
TXN_PRIYA_SRC_DEPOSIT_20260123_0588,2026-01-23,2026-01-23T10:20:00+05:30,acc_deposit_priya_hdfc_0001,deposit,DEBIT,FT,84000.00,FT/DE/HDFC CREDIT CARD PAYMENT,61194.00
TXN_PRIYA_SRC_DEPOSIT_20260123_0344,2026-01-23,2026-01-23T18:54:00+05:30,acc_deposit_priya_hdfc_0001,deposit,DEBIT,UPI,2052.00,UPI/DE/MEENA HOUSEHELP,59142.00
TXN_PRIYA_SRC_DEPOSIT_20260124_0341,2026-01-24,2026-01-24T12:20:00+05:30,acc_deposit_priya_hdfc_0001,deposit,CREDIT,FT,30000.00,FT/CR/ICICI SAVINGS TRANSFER/2026-01,89142.00
TXN_PRIYA_SRC_DEPOSIT_20260125_0339,2026-01-25,2026-01-25T08:45:00+05:30,acc_deposit_priya_hdfc_0001,deposit,DEBIT,CARD,249.00,CARD/DE/NEWSPAPER DIGITAL,88893.00
TXN_PRIYA_SRC_DEPOSIT_20260126_0342,2026-01-26,2026-01-26T18:45:00+05:30,acc_deposit_priya_hdfc_0001,deposit,DEBIT,UPI,333.00,UPI/DE/GIFT PALACE,88560.00
TXN_PRIYA_SRC_DEPOSIT_20260126_0357,2026-01-26,2026-01-26T19:16:00+05:30,acc_deposit_priya_hdfc_0001,deposit,DEBIT,UPI,120.00,UPI/DE/AUTO PAY,88440.00
TXN_PRIYA_SRC_DEPOSIT_20260126_0352,2026-01-26,2026-01-26T19:48:00+05:30,acc_deposit_priya_hdfc_0001,deposit,DEBIT,UPI,939.00,UPI/DE/OM MEDICALS,87501.00
TXN_PRIYA_SRC_DEPOSIT_20260127_0360,2026-01-27,2026-01-27T12:43:00+05:30,acc_deposit_priya_hdfc_0001,deposit,DEBIT,UPI,275.00,UPI/DE/PRINT CENTER,87226.00
TXN_PRIYA_SRC_DEPOSIT_20260128_0324,2026-01-28,2026-01-28T09:15:00+05:30,acc_deposit_priya_hdfc_0001,deposit,CREDIT,FT,259735.00,FT/CR/BANYAN PRODUCT LABS SALARY/2026-01,346961.00
TXN_PRIYA_SRC_DEPOSIT_20260131_0355,2026-01-31,2026-01-31T19:31:00+05:30,acc_deposit_priya_hdfc_0001,deposit,DEBIT,UPI,366.00,UPI/DE/IYENGAR BAKERY,346595.00
TXN_PRIYA_SRC_DEPOSIT_20260203_0375,2026-02-03,2026-02-03T10:05:00+05:30,acc_deposit_priya_hdfc_0001,deposit,DEBIT,UPI,68000.00,UPI/DE/RENT TO LANDLORD/2026-02,278595.00
TXN_PRIYA_SRC_DEPOSIT_20260203_0404,2026-02-03,2026-02-03T19:32:00+05:30,acc_deposit_priya_hdfc_0001,deposit,DEBIT,UPI,483.00,UPI/DE/BHARATPE*OM SAI,278112.00
TXN_PRIYA_SRC_DEPOSIT_20260203_0412,2026-02-03,2026-02-03T20:53:00+05:30,acc_deposit_priya_hdfc_0001,deposit,DEBIT,UPI,345.00,UPI/DE/GIFT PALACE,277767.00
TXN_PRIYA_SRC_DEPOSIT_20260204_0408,2026-02-04,2026-02-04T08:07:00+05:30,acc_deposit_priya_hdfc_0001,deposit,DEBIT,UPI,823.00,UPI/DE/BHARATPE*OM SAI,276944.00
TXN_PRIYA_SRC_DEPOSIT_20260204_0401,2026-02-04,2026-02-04T20:38:00+05:30,acc_deposit_priya_hdfc_0001,deposit,DEBIT,UPI,511.00,UPI/DE/SANJAY PLUMBER,276433.00
TXN_PRIYA_SRC_DEPOSIT_20260205_0384,2026-02-05,2026-02-05T08:45:00+05:30,acc_deposit_priya_hdfc_0001,deposit,DEBIT,CARD,75.00,CARD/DE/ICLOUD,276358.00
TXN_PRIYA_SRC_DEPOSIT_20260205_0574,2026-02-05,2026-02-05T09:30:00+05:30,acc_deposit_priya_hdfc_0001,deposit,DEBIT,NACH,26000.00,NACH/DE/CARE HEALTH PREMIUM,250358.00
TXN_PRIYA_SRC_INSURANCE_POLICIES_20260205_0575,2026-02-05,2026-02-05T10:05:00+05:30,acc_ins_priya_family_0001,insurance_policies,CREDIT,POLICY,9100.00,INS/CR/POLICY VALUE,194650.00
TXN_PRIYA_SRC_DEPOSIT_20260205_0394,2026-02-05,2026-02-05T19:37:00+05:30,acc_deposit_priya_hdfc_0001,deposit,DEBIT,UPI,736.00,UPI/DE/RAJ ELECTRICIAN,249622.00
TXN_PRIYA_SRC_DEPOSIT_20260206_0416,2026-02-06,2026-02-06T09:45:00+05:30,acc_deposit_priya_hdfc_0001,deposit,DEBIT,NACH,28000.00,NACH/DE/ICICI PRUDENTIAL BLUECHIP/2026-02,221622.00
TXN_PRIYA_SRC_DEPOSIT_20260206_0410,2026-02-06,2026-02-06T10:03:00+05:30,acc_deposit_priya_hdfc_0001,deposit,DEBIT,UPI,2958.00,UPI/DE/COOK PAYMENT,218664.00
TXN_PRIYA_SRC_MUTUAL_FUNDS_20260206_0417,2026-02-06,2026-02-06T10:30:00+05:30,acc_mf_priya_hdfc_0001,mutual_funds,CREDIT,SIP,28000.00,MF/CR/PURCHASE/ICICI PRUDENTIAL BLUECHIP/2026-02,1188000.00
TXN_PRIYA_SRC_DEPOSIT_20260207_0385,2026-02-07,2026-02-07T08:45:00+05:30,acc_deposit_priya_hdfc_0001,deposit,DEBIT,CARD,130.00,CARD/DE/GOOGLE ONE,218534.00
TXN_PRIYA_SRC_DEPOSIT_20260207_0566,2026-02-07,2026-02-07T18:20:00+05:30,acc_deposit_priya_hdfc_0001,deposit,DEBIT,UPI,26500.00,UPI/DE/SANJAY PLUMBER,192034.00
TXN_PRIYA_SRC_DEPOSIT_20260208_0376,2026-02-08,2026-02-08T10:05:00+05:30,acc_deposit_priya_hdfc_0001,deposit,DEBIT,NACH,24500.00,NACH/DE/HDFC CREDILA EDUCATION LOAN/2026-02,167534.00
TXN_PRIYA_SRC_DEPOSIT_20260208_0411,2026-02-08,2026-02-08T20:25:00+05:30,acc_deposit_priya_hdfc_0001,deposit,DEBIT,UPI,376.00,UPI/DE/PUJA STORE,167158.00
TXN_PRIYA_SRC_DEPOSIT_20260209_0398,2026-02-09,2026-02-09T10:04:00+05:30,acc_deposit_priya_hdfc_0001,deposit,DEBIT,UPI,800.00,UPI/DE/SRI LAKSHMI STORES,166358.00
TXN_PRIYA_SRC_DEPOSIT_20260209_0377,2026-02-09,2026-02-09T10:05:00+05:30,acc_deposit_priya_hdfc_0001,deposit,DEBIT,FT,35000.00,FT/DE/PAPA SBI/2026-02,131358.00
TXN_PRIYA_SRC_DEPOSIT_20260209_0403,2026-02-09,2026-02-09T12:26:00+05:30,acc_deposit_priya_hdfc_0001,deposit,DEBIT,UPI,267.00,UPI/DE/PAYTMQR2819,131091.00
TXN_PRIYA_SRC_DEPOSIT_20260209_0400,2026-02-09,2026-02-09T17:41:00+05:30,acc_deposit_priya_hdfc_0001,deposit,DEBIT,UPI,3243.00,UPI/DE/MEENA HOUSEHELP,127848.00
TXN_PRIYA_SRC_DEPOSIT_20260211_0420,2026-02-11,2026-02-11T09:35:00+05:30,acc_deposit_priya_hdfc_0001,deposit,DEBIT,NACH,18000.00,NACH/DE/HDFC RECURRING DEPOSIT/2026-02,109848.00
TXN_PRIYA_SRC_RECURRING_DEPOSIT_20260211_0421,2026-02-11,2026-02-11T10:00:00+05:30,acc_rd_priya_hdfc_0001,recurring_deposit,CREDIT,NACH,18000.00,RD/CR/INSTALLMENT/2026-02,252000.00
TXN_PRIYA_SRC_DEPOSIT_20260212_0378,2026-02-12,2026-02-12T10:05:00+05:30,acc_deposit_priya_hdfc_0001,deposit,DEBIT,UPI,8500.00,UPI/DE/MEENA HOUSEHELP/2026-02,101348.00
TXN_PRIYA_SRC_DEPOSIT_20260212_0407,2026-02-12,2026-02-12T18:23:00+05:30,acc_deposit_priya_hdfc_0001,deposit,DEBIT,UPI,203.00,UPI/DE/XEROX SHOP,101145.00
TXN_PRIYA_SRC_DEPOSIT_20260213_0386,2026-02-13,2026-02-13T08:45:00+05:30,acc_deposit_priya_hdfc_0001,deposit,DEBIT,CARD,129.00,CARD/DE/YOUTUBE PREMIUM,101016.00
TXN_PRIYA_SRC_DEPOSIT_20260213_0396,2026-02-13,2026-02-13T17:03:00+05:30,acc_deposit_priya_hdfc_0001,deposit,DEBIT,UPI,900.00,UPI/DE/PHONEPEQR4381,100116.00
TXN_PRIYA_SRC_DEPOSIT_20260213_0567,2026-02-13,2026-02-13T18:20:00+05:30,acc_deposit_priya_hdfc_0001,deposit,DEBIT,UPI,12000.00,UPI/DE/MEENA HOUSEHELP ADVANCE,88116.00
TXN_PRIYA_SRC_DEPOSIT_20260214_0418,2026-02-14,2026-02-14T09:45:00+05:30,acc_deposit_priya_hdfc_0001,deposit,DEBIT,NACH,12000.00,NACH/DE/NPS TIER I/2026-02,76116.00
TXN_PRIYA_SRC_MUTUAL_FUNDS_20260214_0419,2026-02-14,2026-02-14T10:30:00+05:30,acc_mf_priya_hdfc_0001,mutual_funds,CREDIT,SIP,12000.00,MF/CR/PURCHASE/NPS TIER I/2026-02,1200000.00
TXN_PRIYA_SRC_DEPOSIT_20260215_0391,2026-02-15,2026-02-15T08:08:00+05:30,acc_deposit_priya_hdfc_0001,deposit,DEBIT,UPI,222.00,UPI/DE/FRUIT SHOP,75894.00
TXN_PRIYA_SRC_DEPOSIT_20260215_0379,2026-02-15,2026-02-15T10:05:00+05:30,acc_deposit_priya_hdfc_0001,deposit,DEBIT,UPI,2499.00,UPI/DE/ACT FIBERNET BILL/2026-02,73395.00
TXN_PRIYA_SRC_DEPOSIT_20260216_0406,2026-02-16,2026-02-16T17:09:00+05:30,acc_deposit_priya_hdfc_0001,deposit,DEBIT,UPI,566.00,UPI/DE/PAYTMQR2819,72829.00
TXN_PRIYA_SRC_DEPOSIT_20260216_0397,2026-02-16,2026-02-16T19:23:00+05:30,acc_deposit_priya_hdfc_0001,deposit,DEBIT,UPI,786.00,UPI/DE/MOM,72043.00
TXN_PRIYA_SRC_DEPOSIT_20260216_0395,2026-02-16,2026-02-16T20:33:00+05:30,acc_deposit_priya_hdfc_0001,deposit,DEBIT,UPI,2255.00,UPI/DE/SANJAY PLUMBER,69788.00
TXN_PRIYA_SRC_DEPOSIT_20260216_0405,2026-02-16,2026-02-16T20:46:00+05:30,acc_deposit_priya_hdfc_0001,deposit,DEBIT,UPI,584.00,UPI/DE/PUJA STORE,69204.00
TXN_PRIYA_SRC_DEPOSIT_20260217_0380,2026-02-17,2026-02-17T10:05:00+05:30,acc_deposit_priya_hdfc_0001,deposit,DEBIT,UPI,2210.00,UPI/DE/BESCOM ELECTRICITY/2026-02,66994.00
TXN_PRIYA_SRC_DEPOSIT_20260217_0393,2026-02-17,2026-02-17T12:35:00+05:30,acc_deposit_priya_hdfc_0001,deposit,DEBIT,UPI,900.00,UPI/DE/DIAGNOSTIC CENTER,66094.00
TXN_PRIYA_SRC_DEPOSIT_20260218_0387,2026-02-18,2026-02-18T08:45:00+05:30,acc_deposit_priya_hdfc_0001,deposit,DEBIT,CARD,119.00,CARD/DE/SPOTIFY,65975.00
TXN_PRIYA_SRC_DEPOSIT_20260218_0374,2026-02-18,2026-02-18T16:20:00+05:30,acc_deposit_priya_hdfc_0001,deposit,CREDIT,FT,18500.00,FT/CR/OFFICE EXPENSE REIMBURSEMENT/2026-02,84475.00
TXN_PRIYA_SRC_DEPOSIT_20260219_0402,2026-02-19,2026-02-19T10:00:00+05:30,acc_deposit_priya_hdfc_0001,deposit,DEBIT,UPI,124.00,UPI/DE/PARKING FEE,84351.00
TXN_PRIYA_SRC_DEPOSIT_20260219_0381,2026-02-19,2026-02-19T10:05:00+05:30,acc_deposit_priya_hdfc_0001,deposit,DEBIT,UPI,899.00,UPI/DE/AIRTEL MOBILE/2026-02,83452.00
TXN_PRIYA_SRC_DEPOSIT_20260220_0388,2026-02-20,2026-02-20T08:45:00+05:30,acc_deposit_priya_hdfc_0001,deposit,DEBIT,CARD,650.00,CARD/DE/LINKEDIN PREMIUM,82802.00
TXN_PRIYA_SRC_DEPOSIT_20260220_0399,2026-02-20,2026-02-20T12:42:00+05:30,acc_deposit_priya_hdfc_0001,deposit,DEBIT,UPI,461.00,UPI/DE/PRINT CENTER,82341.00
TXN_PRIYA_SRC_DEPOSIT_20260221_0415,2026-02-21,2026-02-21T11:41:00+05:30,acc_deposit_priya_hdfc_0001,deposit,DEBIT,ATM,5000.00,ATM/DE/CASH WITHDRAWAL/2026-02,77341.00
TXN_PRIYA_SRC_DEPOSIT_20260221_0390,2026-02-21,2026-02-21T18:54:00+05:30,acc_deposit_priya_hdfc_0001,deposit,DEBIT,UPI,1073.00,UPI/DE/CAR CLEANER,76268.00
TXN_PRIYA_SRC_DEPOSIT_20260222_0382,2026-02-22,2026-02-22T10:05:00+05:30,acc_deposit_priya_hdfc_0001,deposit,DEBIT,UPI,6200.00,UPI/DE/APARTMENT MAINTENANCE/2026-02,70068.00
TXN_PRIYA_SRC_DEPOSIT_20260223_0383,2026-02-23,2026-02-23T10:35:00+05:30,acc_deposit_priya_hdfc_0001,deposit,DEBIT,UPI,1090.00,UPI/DE/INDANE LPG/2026-02,68978.00
TXN_PRIYA_SRC_DEPOSIT_20260224_0413,2026-02-24,2026-02-24T08:53:00+05:30,acc_deposit_priya_hdfc_0001,deposit,DEBIT,UPI,34.00,UPI/DE/XEROX SHOP,68944.00
TXN_PRIYA_SRC_DEPOSIT_20260224_0589,2026-02-24,2026-02-24T10:20:00+05:30,acc_deposit_priya_hdfc_0001,deposit,DEBIT,FT,38000.00,FT/DE/HDFC CREDIT CARD PAYMENT,30944.00
TXN_PRIYA_SRC_DEPOSIT_20260225_0392,2026-02-25,2026-02-25T08:35:00+05:30,acc_deposit_priya_hdfc_0001,deposit,DEBIT,UPI,691.00,UPI/DE/CAR CLEANER,30253.00
TXN_PRIYA_SRC_DEPOSIT_20260225_0389,2026-02-25,2026-02-25T08:45:00+05:30,acc_deposit_priya_hdfc_0001,deposit,DEBIT,CARD,249.00,CARD/DE/NEWSPAPER DIGITAL,30004.00
TXN_PRIYA_SRC_DEPOSIT_20260226_0414,2026-02-26,2026-02-26T11:40:00+05:30,acc_deposit_priya_hdfc_0001,deposit,DEBIT,ATM,3000.00,ATM/DE/CASH WITHDRAWAL/2026-02,27004.00
TXN_PRIYA_SRC_DEPOSIT_20260227_0409,2026-02-27,2026-02-27T18:15:00+05:30,acc_deposit_priya_hdfc_0001,deposit,DEBIT,UPI,216.00,UPI/DE/AUTO PAY,26788.00
TXN_PRIYA_SRC_DEPOSIT_20260228_0373,2026-02-28,2026-02-28T09:15:00+05:30,acc_deposit_priya_hdfc_0001,deposit,CREDIT,FT,262978.00,FT/CR/BANYAN PRODUCT LABS SALARY/2026-02,289766.00
TXN_PRIYA_SRC_DEPOSIT_20260301_0451,2026-03-01,2026-03-01T10:00:00+05:30,acc_deposit_priya_hdfc_0001,deposit,DEBIT,UPI,116.00,UPI/DE/PARKING FEE,289650.00
TXN_PRIYA_SRC_DEPOSIT_20260301_0454,2026-03-01,2026-03-01T10:09:00+05:30,acc_deposit_priya_hdfc_0001,deposit,DEBIT,UPI,282.00,UPI/DE/BHARATPE*OM SAI,289368.00
TXN_PRIYA_SRC_DEPOSIT_20260301_0456,2026-03-01,2026-03-01T12:10:00+05:30,acc_deposit_priya_hdfc_0001,deposit,DEBIT,UPI,900.00,UPI/DE/BREWERY,288468.00
TXN_PRIYA_SRC_DEPOSIT_20260302_0458,2026-03-02,2026-03-02T20:13:00+05:30,acc_deposit_priya_hdfc_0001,deposit,DEBIT,UPI,209.00,UPI/DE/PRINT CENTER,288259.00
TXN_PRIYA_SRC_DEPOSIT_20260303_0425,2026-03-03,2026-03-03T10:05:00+05:30,acc_deposit_priya_hdfc_0001,deposit,DEBIT,UPI,68000.00,UPI/DE/RENT TO LANDLORD/2026-03,220259.00
TXN_PRIYA_SRC_DEPOSIT_20260303_0444,2026-03-03,2026-03-03T12:00:00+05:30,acc_deposit_priya_hdfc_0001,deposit,DEBIT,UPI,1013.00,UPI/DE/CAR CLEANER,219246.00
TXN_PRIYA_SRC_DEPOSIT_20260304_0452,2026-03-04,2026-03-04T10:18:00+05:30,acc_deposit_priya_hdfc_0001,deposit,DEBIT,UPI,51.00,UPI/DE/PHONEPEQR4381,219195.00
TXN_PRIYA_SRC_DEPOSIT_20260305_0434,2026-03-05,2026-03-05T08:45:00+05:30,acc_deposit_priya_hdfc_0001,deposit,DEBIT,CARD,75.00,CARD/DE/ICLOUD,219120.00
TXN_PRIYA_SRC_DEPOSIT_20260305_0448,2026-03-05,2026-03-05T17:19:00+05:30,acc_deposit_priya_hdfc_0001,deposit,DEBIT,UPI,284.00,UPI/DE/CHAAT CORNER,218836.00
TXN_PRIYA_SRC_DEPOSIT_20260305_0445,2026-03-05,2026-03-05T18:38:00+05:30,acc_deposit_priya_hdfc_0001,deposit,DEBIT,UPI,1693.00,UPI/DE/RO SERVICE,217143.00
TXN_PRIYA_SRC_DEPOSIT_20260306_0463,2026-03-06,2026-03-06T09:45:00+05:30,acc_deposit_priya_hdfc_0001,deposit,DEBIT,NACH,28000.00,NACH/DE/ICICI PRUDENTIAL BLUECHIP/2026-03,189143.00
TXN_PRIYA_SRC_MUTUAL_FUNDS_20260306_0464,2026-03-06,2026-03-06T10:30:00+05:30,acc_mf_priya_hdfc_0001,mutual_funds,CREDIT,SIP,28000.00,MF/CR/PURCHASE/ICICI PRUDENTIAL BLUECHIP/2026-03,1228000.00
TXN_PRIYA_SRC_DEPOSIT_20260306_0568,2026-03-06,2026-03-06T18:20:00+05:30,acc_deposit_priya_hdfc_0001,deposit,DEBIT,UPI,7800.00,UPI/DE/HONDA SERVICE CENTER,181343.00
TXN_PRIYA_SRC_DEPOSIT_20260307_0435,2026-03-07,2026-03-07T08:45:00+05:30,acc_deposit_priya_hdfc_0001,deposit,DEBIT,CARD,130.00,CARD/DE/GOOGLE ONE,181213.00
TXN_PRIYA_SRC_DEPOSIT_20260308_0426,2026-03-08,2026-03-08T10:05:00+05:30,acc_deposit_priya_hdfc_0001,deposit,DEBIT,NACH,24500.00,NACH/DE/HDFC CREDILA EDUCATION LOAN/2026-03,156713.00
TXN_PRIYA_SRC_DEPOSIT_20260309_0427,2026-03-09,2026-03-09T10:05:00+05:30,acc_deposit_priya_hdfc_0001,deposit,DEBIT,FT,35000.00,FT/DE/PAPA SBI/2026-03,121713.00
TXN_PRIYA_SRC_DEPOSIT_20260309_0459,2026-03-09,2026-03-09T19:24:00+05:30,acc_deposit_priya_hdfc_0001,deposit,DEBIT,UPI,900.00,UPI/DE/BREWERY,120813.00
TXN_PRIYA_SRC_DEPOSIT_20260312_0428,2026-03-12,2026-03-12T10:05:00+05:30,acc_deposit_priya_hdfc_0001,deposit,DEBIT,UPI,8500.00,UPI/DE/MEENA HOUSEHELP/2026-03,112313.00
TXN_PRIYA_SRC_DEPOSIT_20260313_0436,2026-03-13,2026-03-13T08:45:00+05:30,acc_deposit_priya_hdfc_0001,deposit,DEBIT,CARD,129.00,CARD/DE/YOUTUBE PREMIUM,112184.00
TXN_PRIYA_SRC_DEPOSIT_20260313_0461,2026-03-13,2026-03-13T11:40:00+05:30,acc_deposit_priya_hdfc_0001,deposit,DEBIT,ATM,7000.00,ATM/DE/CASH WITHDRAWAL/2026-03,105184.00
TXN_PRIYA_SRC_DEPOSIT_20260313_0450,2026-03-13,2026-03-13T12:53:00+05:30,acc_deposit_priya_hdfc_0001,deposit,DEBIT,UPI,303.00,UPI/DE/CHAAT CORNER,104881.00
TXN_PRIYA_SRC_DEPOSIT_20260314_0465,2026-03-14,2026-03-14T09:45:00+05:30,acc_deposit_priya_hdfc_0001,deposit,DEBIT,NACH,12000.00,NACH/DE/NPS TIER I/2026-03,92881.00
TXN_PRIYA_SRC_MUTUAL_FUNDS_20260314_0466,2026-03-14,2026-03-14T10:30:00+05:30,acc_mf_priya_hdfc_0001,mutual_funds,CREDIT,SIP,12000.00,MF/CR/PURCHASE/NPS TIER I/2026-03,1240000.00
TXN_PRIYA_SRC_DEPOSIT_20260315_0429,2026-03-15,2026-03-15T10:05:00+05:30,acc_deposit_priya_hdfc_0001,deposit,DEBIT,UPI,2499.00,UPI/DE/ACT FIBERNET BILL/2026-03,90382.00
TXN_PRIYA_SRC_DEPOSIT_20260316_0442,2026-03-16,2026-03-16T12:15:00+05:30,acc_deposit_priya_hdfc_0001,deposit,DEBIT,UPI,224.00,UPI/DE/FRUIT SHOP,90158.00
TXN_PRIYA_SRC_DEPOSIT_20260317_0430,2026-03-17,2026-03-17T10:05:00+05:30,acc_deposit_priya_hdfc_0001,deposit,DEBIT,UPI,3150.00,UPI/DE/BESCOM ELECTRICITY/2026-03,87008.00
TXN_PRIYA_SRC_DEPOSIT_20260317_0441,2026-03-17,2026-03-17T12:23:00+05:30,acc_deposit_priya_hdfc_0001,deposit,DEBIT,UPI,399.00,UPI/DE/FLOWER SHOP,86609.00
TXN_PRIYA_SRC_DEPOSIT_20260317_0447,2026-03-17,2026-03-17T20:21:00+05:30,acc_deposit_priya_hdfc_0001,deposit,DEBIT,UPI,1159.00,UPI/DE/SRI HARDWARE,85450.00
TXN_PRIYA_SRC_DEPOSIT_20260318_0437,2026-03-18,2026-03-18T08:45:00+05:30,acc_deposit_priya_hdfc_0001,deposit,DEBIT,CARD,119.00,CARD/DE/SPOTIFY,85331.00
TXN_PRIYA_SRC_MUTUAL_FUNDS_20260318_0580,2026-03-18,2026-03-18T11:30:00+05:30,acc_mf_priya_hdfc_0001,mutual_funds,DEBIT,REDEMPTION,90000.00,MF/DE/REDEMPTION/ICICI PRUDENTIAL,1150000.00
TXN_PRIYA_SRC_DEPOSIT_20260318_0581,2026-03-18,2026-03-18T12:05:00+05:30,acc_deposit_priya_hdfc_0001,deposit,CREDIT,FT,90000.00,FT/CR/MF REDEMPTION PROCEEDS,175331.00
TXN_PRIYA_SRC_DEPOSIT_20260319_0431,2026-03-19,2026-03-19T10:05:00+05:30,acc_deposit_priya_hdfc_0001,deposit,DEBIT,UPI,899.00,UPI/DE/AIRTEL MOBILE/2026-03,174432.00
TXN_PRIYA_SRC_DEPOSIT_20260320_0438,2026-03-20,2026-03-20T08:45:00+05:30,acc_deposit_priya_hdfc_0001,deposit,DEBIT,CARD,650.00,CARD/DE/LINKEDIN PREMIUM,173782.00
TXN_PRIYA_SRC_DEPOSIT_20260320_0433,2026-03-20,2026-03-20T10:35:00+05:30,acc_deposit_priya_hdfc_0001,deposit,DEBIT,UPI,799.00,UPI/DE/AIRTEL ROAMING PACK/2026-03,172983.00
TXN_PRIYA_SRC_DEPOSIT_20260320_0455,2026-03-20,2026-03-20T12:20:00+05:30,acc_deposit_priya_hdfc_0001,deposit,DEBIT,UPI,646.00,UPI/DE/FRUIT SHOP,172337.00
TXN_PRIYA_SRC_DEPOSIT_20260320_0423,2026-03-20,2026-03-20T14:10:00+05:30,acc_deposit_priya_hdfc_0001,deposit,CREDIT,FT,300000.00,FT/CR/BANYAN PRODUCT LABS PERFORMANCE BONUS,472337.00
TXN_PRIYA_SRC_DEPOSIT_20260321_0453,2026-03-21,2026-03-21T10:20:00+05:30,acc_deposit_priya_hdfc_0001,deposit,DEBIT,UPI,385.00,UPI/DE/OM MEDICALS,471952.00
TXN_PRIYA_SRC_DEPOSIT_20260321_0467,2026-03-21,2026-03-21T10:25:00+05:30,acc_deposit_priya_hdfc_0001,deposit,DEBIT,FT,60000.00,FT/DE/HDFC CREDILA PART PAYMENT,411952.00
TXN_PRIYA_SRC_DEPOSIT_20260322_0432,2026-03-22,2026-03-22T10:05:00+05:30,acc_deposit_priya_hdfc_0001,deposit,DEBIT,UPI,6200.00,UPI/DE/APARTMENT MAINTENANCE/2026-03,405752.00
TXN_PRIYA_SRC_DEPOSIT_20260322_0468,2026-03-22,2026-03-22T10:25:00+05:30,acc_deposit_priya_hdfc_0001,deposit,DEBIT,FT,85000.00,FT/DE/MF LUMPSUM PURCHASE,320752.00
TXN_PRIYA_SRC_MUTUAL_FUNDS_20260322_0469,2026-03-22,2026-03-22T11:00:00+05:30,acc_mf_priya_hdfc_0001,mutual_funds,CREDIT,FT,85000.00,MF/CR/LUMPSUM PURCHASE/ICICI PRUDENTIAL,1235000.00
TXN_PRIYA_SRC_DEPOSIT_20260322_0460,2026-03-22,2026-03-22T12:14:00+05:30,acc_deposit_priya_hdfc_0001,deposit,DEBIT,UPI,159.00,UPI/DE/NANDINI MILK,320593.00
TXN_PRIYA_SRC_DEPOSIT_20260323_0470,2026-03-23,2026-03-23T10:25:00+05:30,acc_deposit_priya_hdfc_0001,deposit,DEBIT,NACH,30000.00,NACH/DE/RD ADDITIONAL DEPOSIT,290593.00
TXN_PRIYA_SRC_RECURRING_DEPOSIT_20260323_0471,2026-03-23,2026-03-23T11:05:00+05:30,acc_rd_priya_hdfc_0001,recurring_deposit,CREDIT,NACH,30000.00,RD/CR/ADDITIONAL DEPOSIT/HDFC,282000.00
TXN_PRIYA_SRC_DEPOSIT_20260324_0440,2026-03-24,2026-03-24T12:20:00+05:30,acc_deposit_priya_hdfc_0001,deposit,CREDIT,FT,30000.00,FT/CR/ICICI SAVINGS TRANSFER/2026-03,320593.00
TXN_PRIYA_SRC_DEPOSIT_20260325_0439,2026-03-25,2026-03-25T08:45:00+05:30,acc_deposit_priya_hdfc_0001,deposit,DEBIT,CARD,249.00,CARD/DE/NEWSPAPER DIGITAL,320344.00
TXN_PRIYA_SRC_TERM_DEPOSIT_20260325_0582,2026-03-25,2026-03-25T09:30:00+05:30,acc_td_priya_hdfc_0001,term_deposit,DEBIT,FD_CLOSURE,450000.00,FD/DE/MATURITY CLOSURE/HDFC,0.00
TXN_PRIYA_SRC_DEPOSIT_20260325_0583,2026-03-25,2026-03-25T10:05:00+05:30,acc_deposit_priya_hdfc_0001,deposit,CREDIT,FT,450000.00,FT/CR/FD MATURITY PROCEEDS,770344.00
TXN_PRIYA_SRC_DEPOSIT_20260326_0462,2026-03-26,2026-03-26T11:41:00+05:30,acc_deposit_priya_hdfc_0001,deposit,DEBIT,ATM,10000.00,ATM/DE/CASH WITHDRAWAL/2026-03,760344.00
TXN_PRIYA_SRC_DEPOSIT_20260327_0449,2026-03-27,2026-03-27T18:32:00+05:30,acc_deposit_priya_hdfc_0001,deposit,DEBIT,UPI,258.00,UPI/DE/AUTO RAMESH,760086.00
TXN_PRIYA_SRC_DEPOSIT_20260328_0422,2026-03-28,2026-03-28T09:15:00+05:30,acc_deposit_priya_hdfc_0001,deposit,CREDIT,FT,262899.00,FT/CR/BANYAN PRODUCT LABS SALARY/2026-03,1022985.00
TXN_PRIYA_SRC_DEPOSIT_20260330_0446,2026-03-30,2026-03-30T08:31:00+05:30,acc_deposit_priya_hdfc_0001,deposit,DEBIT,UPI,1826.00,UPI/DE/BREWERY,1021159.00
TXN_PRIYA_SRC_DEPOSIT_20260330_0443,2026-03-30,2026-03-30T08:32:00+05:30,acc_deposit_priya_hdfc_0001,deposit,DEBIT,UPI,342.00,UPI/DE/WATER CAN SUPPLY,1020817.00
TXN_PRIYA_SRC_DEPOSIT_20260330_0424,2026-03-30,2026-03-30T10:30:00+05:30,acc_deposit_priya_hdfc_0001,deposit,CREDIT,FT,3690.00,FT/CR/SAVINGS INTEREST/2026-03,1024507.00
TXN_PRIYA_SRC_DEPOSIT_20260331_0457,2026-03-31,2026-03-31T19:21:00+05:30,acc_deposit_priya_hdfc_0001,deposit,DEBIT,UPI,392.00,UPI/DE/APOLLO PHARMACY,1024115.00
TXN_PRIYA_SRC_DEPOSIT_20260401_0504,2026-04-01,2026-04-01T08:42:00+05:30,acc_deposit_priya_hdfc_0001,deposit,DEBIT,UPI,1677.00,UPI/DE/COOK PAYMENT,1022438.00
TXN_PRIYA_SRC_DEPOSIT_20260401_0495,2026-04-01,2026-04-01T17:50:00+05:30,acc_deposit_priya_hdfc_0001,deposit,DEBIT,UPI,746.00,UPI/DE/SRI LAKSHMI STORES,1021692.00
TXN_PRIYA_SRC_DEPOSIT_20260403_0505,2026-04-03,2026-04-03T08:35:00+05:30,acc_deposit_priya_hdfc_0001,deposit,DEBIT,UPI,360.00,UPI/DE/AUTO PAY,1021332.00
TXN_PRIYA_SRC_DEPOSIT_20260403_0496,2026-04-03,2026-04-03T08:47:00+05:30,acc_deposit_priya_hdfc_0001,deposit,DEBIT,UPI,293.00,UPI/DE/FRESH VEG QR,1021039.00
TXN_PRIYA_SRC_DEPOSIT_20260403_0473,2026-04-03,2026-04-03T10:05:00+05:30,acc_deposit_priya_hdfc_0001,deposit,DEBIT,UPI,68000.00,UPI/DE/RENT TO LANDLORD/2026-04,953039.00
TXN_PRIYA_SRC_DEPOSIT_20260404_0569,2026-04-04,2026-04-04T18:20:00+05:30,acc_deposit_priya_hdfc_0001,deposit,DEBIT,CARD,38000.00,CARD/DE/IRCTC,915039.00
TXN_PRIYA_SRC_DEPOSIT_20260405_0500,2026-04-05,2026-04-05T08:10:00+05:30,acc_deposit_priya_hdfc_0001,deposit,DEBIT,UPI,900.00,UPI/DE/DIAGNOSTIC CENTER,914139.00
TXN_PRIYA_SRC_DEPOSIT_20260405_0482,2026-04-05,2026-04-05T08:45:00+05:30,acc_deposit_priya_hdfc_0001,deposit,DEBIT,CARD,75.00,CARD/DE/ICLOUD,914064.00
TXN_PRIYA_SRC_DEPOSIT_20260406_0510,2026-04-06,2026-04-06T09:45:00+05:30,acc_deposit_priya_hdfc_0001,deposit,DEBIT,NACH,28000.00,NACH/DE/ICICI PRUDENTIAL BLUECHIP/2026-04,886064.00
TXN_PRIYA_SRC_MUTUAL_FUNDS_20260406_0511,2026-04-06,2026-04-06T10:30:00+05:30,acc_mf_priya_hdfc_0001,mutual_funds,CREDIT,SIP,28000.00,MF/CR/PURCHASE/ICICI PRUDENTIAL BLUECHIP/2026-04,1263000.00
TXN_PRIYA_SRC_DEPOSIT_20260406_0509,2026-04-06,2026-04-06T11:41:00+05:30,acc_deposit_priya_hdfc_0001,deposit,DEBIT,ATM,3000.00,ATM/DE/CASH WITHDRAWAL/2026-04,883064.00
TXN_PRIYA_SRC_DEPOSIT_20260406_0489,2026-04-06,2026-04-06T13:10:00+05:30,acc_deposit_priya_hdfc_0001,deposit,DEBIT,FT,22000.00,FT/DE/HDFC SAVINGS TRANSFER/2026-04,861064.00
TXN_PRIYA_SRC_DEPOSIT_20260406_0506,2026-04-06,2026-04-06T18:03:00+05:30,acc_deposit_priya_hdfc_0001,deposit,DEBIT,UPI,125.00,UPI/DE/FRESH VEG QR,860939.00
TXN_PRIYA_SRC_DEPOSIT_20260407_0483,2026-04-07,2026-04-07T08:45:00+05:30,acc_deposit_priya_hdfc_0001,deposit,DEBIT,CARD,130.00,CARD/DE/GOOGLE ONE,860809.00
TXN_PRIYA_SRC_DEPOSIT_20260408_0474,2026-04-08,2026-04-08T10:05:00+05:30,acc_deposit_priya_hdfc_0001,deposit,DEBIT,NACH,24500.00,NACH/DE/HDFC CREDILA EDUCATION LOAN/2026-04,836309.00
TXN_PRIYA_SRC_DEPOSIT_20260408_0498,2026-04-08,2026-04-08T12:42:00+05:30,acc_deposit_priya_hdfc_0001,deposit,DEBIT,UPI,550.00,UPI/DE/PAPA,835759.00
TXN_PRIYA_SRC_DEPOSIT_20260409_0475,2026-04-09,2026-04-09T10:05:00+05:30,acc_deposit_priya_hdfc_0001,deposit,DEBIT,FT,35000.00,FT/DE/PAPA SBI/2026-04,800759.00
TXN_PRIYA_SRC_DEPOSIT_20260409_0493,2026-04-09,2026-04-09T18:36:00+05:30,acc_deposit_priya_hdfc_0001,deposit,DEBIT,UPI,95.00,UPI/DE/PARKING FEE,800664.00
TXN_PRIYA_SRC_DEPOSIT_20260411_0490,2026-04-11,2026-04-11T08:38:00+05:30,acc_deposit_priya_hdfc_0001,deposit,DEBIT,UPI,900.00,UPI/DE/BREWERY,799764.00
TXN_PRIYA_SRC_DEPOSIT_20260412_0476,2026-04-12,2026-04-12T10:05:00+05:30,acc_deposit_priya_hdfc_0001,deposit,DEBIT,UPI,8500.00,UPI/DE/MEENA HOUSEHELP/2026-04,791264.00
TXN_PRIYA_SRC_DEPOSIT_20260413_0484,2026-04-13,2026-04-13T08:45:00+05:30,acc_deposit_priya_hdfc_0001,deposit,DEBIT,CARD,129.00,CARD/DE/YOUTUBE PREMIUM,791135.00
TXN_PRIYA_SRC_DEPOSIT_20260414_0512,2026-04-14,2026-04-14T09:45:00+05:30,acc_deposit_priya_hdfc_0001,deposit,DEBIT,NACH,12000.00,NACH/DE/NPS TIER I/2026-04,779135.00
TXN_PRIYA_SRC_MUTUAL_FUNDS_20260414_0513,2026-04-14,2026-04-14T10:30:00+05:30,acc_mf_priya_hdfc_0001,mutual_funds,CREDIT,SIP,12000.00,MF/CR/PURCHASE/NPS TIER I/2026-04,1275000.00
TXN_PRIYA_SRC_DEPOSIT_20260414_0503,2026-04-14,2026-04-14T19:46:00+05:30,acc_deposit_priya_hdfc_0001,deposit,DEBIT,UPI,198.00,UPI/DE/SHIV TEA STALL,778937.00
TXN_PRIYA_SRC_DEPOSIT_20260415_0477,2026-04-15,2026-04-15T10:05:00+05:30,acc_deposit_priya_hdfc_0001,deposit,DEBIT,UPI,2499.00,UPI/DE/ACT FIBERNET BILL/2026-04,776438.00
TXN_PRIYA_SRC_DEPOSIT_20260416_0491,2026-04-16,2026-04-16T17:09:00+05:30,acc_deposit_priya_hdfc_0001,deposit,DEBIT,UPI,121.00,UPI/DE/AUTO RAMESH,776317.00
TXN_PRIYA_SRC_DEPOSIT_20260416_0488,2026-04-16,2026-04-16T18:35:00+05:30,acc_deposit_priya_hdfc_0001,deposit,DEBIT,FT,25000.00,FT/DE/ANIKET ICICI/2026-04,751317.00
TXN_PRIYA_SRC_DEPOSIT_20260417_0478,2026-04-17,2026-04-17T10:05:00+05:30,acc_deposit_priya_hdfc_0001,deposit,DEBIT,UPI,4620.00,UPI/DE/BESCOM ELECTRICITY/2026-04,746697.00
TXN_PRIYA_SRC_DEPOSIT_20260417_0507,2026-04-17,2026-04-17T18:12:00+05:30,acc_deposit_priya_hdfc_0001,deposit,DEBIT,UPI,823.00,UPI/DE/CAKE SHOP,745874.00
TXN_PRIYA_SRC_DEPOSIT_20260418_0485,2026-04-18,2026-04-18T08:45:00+05:30,acc_deposit_priya_hdfc_0001,deposit,DEBIT,CARD,119.00,CARD/DE/SPOTIFY,745755.00
TXN_PRIYA_SRC_DEPOSIT_20260419_0479,2026-04-19,2026-04-19T10:05:00+05:30,acc_deposit_priya_hdfc_0001,deposit,DEBIT,UPI,899.00,UPI/DE/AIRTEL MOBILE/2026-04,744856.00
TXN_PRIYA_SRC_DEPOSIT_20260420_0486,2026-04-20,2026-04-20T08:45:00+05:30,acc_deposit_priya_hdfc_0001,deposit,DEBIT,CARD,650.00,CARD/DE/LINKEDIN PREMIUM,744206.00
TXN_PRIYA_SRC_DEPOSIT_20260421_0508,2026-04-21,2026-04-21T11:40:00+05:30,acc_deposit_priya_hdfc_0001,deposit,DEBIT,ATM,10000.00,ATM/DE/CASH WITHDRAWAL/2026-04,734206.00
TXN_PRIYA_SRC_DEPOSIT_20260421_0492,2026-04-21,2026-04-21T17:42:00+05:30,acc_deposit_priya_hdfc_0001,deposit,DEBIT,UPI,98.00,UPI/DE/IYENGAR BAKERY,734108.00
TXN_PRIYA_SRC_DEPOSIT_20260422_0480,2026-04-22,2026-04-22T10:05:00+05:30,acc_deposit_priya_hdfc_0001,deposit,DEBIT,UPI,6200.00,UPI/DE/APARTMENT MAINTENANCE/2026-04,727908.00
TXN_PRIYA_SRC_DEPOSIT_20260423_0590,2026-04-23,2026-04-23T10:20:00+05:30,acc_deposit_priya_hdfc_0001,deposit,DEBIT,FT,48000.00,FT/DE/HDFC CREDIT CARD PAYMENT,679908.00
TXN_PRIYA_SRC_DEPOSIT_20260423_0481,2026-04-23,2026-04-23T10:35:00+05:30,acc_deposit_priya_hdfc_0001,deposit,DEBIT,UPI,1240.00,UPI/DE/HP GAS/2026-04,678668.00
TXN_PRIYA_SRC_DEPOSIT_20260425_0487,2026-04-25,2026-04-25T08:45:00+05:30,acc_deposit_priya_hdfc_0001,deposit,DEBIT,CARD,249.00,CARD/DE/NEWSPAPER DIGITAL,678419.00
TXN_PRIYA_SRC_DEPOSIT_20260425_0497,2026-04-25,2026-04-25T10:14:00+05:30,acc_deposit_priya_hdfc_0001,deposit,DEBIT,UPI,583.00,UPI/DE/NATURAL FRUITS,677836.00
TXN_PRIYA_SRC_DEPOSIT_20260427_0502,2026-04-27,2026-04-27T17:50:00+05:30,acc_deposit_priya_hdfc_0001,deposit,DEBIT,UPI,320.00,UPI/DE/WATER CAN SUPPLY,677516.00
TXN_PRIYA_SRC_DEPOSIT_20260428_0472,2026-04-28,2026-04-28T09:15:00+05:30,acc_deposit_priya_hdfc_0001,deposit,CREDIT,FT,267789.00,FT/CR/BANYAN PRODUCT LABS SALARY/2026-04,945305.00
TXN_PRIYA_SRC_DEPOSIT_20260428_0499,2026-04-28,2026-04-28T19:50:00+05:30,acc_deposit_priya_hdfc_0001,deposit,DEBIT,UPI,199.00,UPI/DE/FRESH VEG QR,945106.00
TXN_PRIYA_SRC_DEPOSIT_20260429_0494,2026-04-29,2026-04-29T12:00:00+05:30,acc_deposit_priya_hdfc_0001,deposit,DEBIT,UPI,736.00,UPI/DE/RO SERVICE,944370.00
TXN_PRIYA_SRC_DEPOSIT_20260430_0501,2026-04-30,2026-04-30T10:37:00+05:30,acc_deposit_priya_hdfc_0001,deposit,DEBIT,UPI,214.00,UPI/DE/IYENGAR BAKERY,944156.00
TXN_PRIYA_SRC_DEPOSIT_20260503_0515,2026-05-03,2026-05-03T10:05:00+05:30,acc_deposit_priya_hdfc_0001,deposit,DEBIT,UPI,68000.00,UPI/DE/RENT TO LANDLORD/2026-05,876156.00
TXN_PRIYA_SRC_DEPOSIT_20260503_0534,2026-05-03,2026-05-03T17:49:00+05:30,acc_deposit_priya_hdfc_0001,deposit,DEBIT,UPI,104.00,UPI/DE/IYENGAR BAKERY,876052.00
TXN_PRIYA_SRC_DEPOSIT_20260504_0533,2026-05-04,2026-05-04T08:09:00+05:30,acc_deposit_priya_hdfc_0001,deposit,DEBIT,UPI,822.00,UPI/DE/RO SERVICE,875230.00
TXN_PRIYA_SRC_DEPOSIT_20260504_0551,2026-05-04,2026-05-04T10:16:00+05:30,acc_deposit_priya_hdfc_0001,deposit,DEBIT,UPI,88.00,UPI/DE/PARKING FEE,875142.00
TXN_PRIYA_SRC_DEPOSIT_20260504_0523,2026-05-04,2026-05-04T10:35:00+05:30,acc_deposit_priya_hdfc_0001,deposit,DEBIT,UPI,6500.00,UPI/DE/SOCIETY MAINTENANCE/2026-05,868642.00
TXN_PRIYA_SRC_DEPOSIT_20260504_0550,2026-05-04,2026-05-04T19:12:00+05:30,acc_deposit_priya_hdfc_0001,deposit,DEBIT,UPI,109.00,UPI/DE/PUJA STORE,868533.00
TXN_PRIYA_SRC_DEPOSIT_20260505_0524,2026-05-05,2026-05-05T08:45:00+05:30,acc_deposit_priya_hdfc_0001,deposit,DEBIT,CARD,75.00,CARD/DE/ICLOUD,868458.00
TXN_PRIYA_SRC_DEPOSIT_20260505_0540,2026-05-05,2026-05-05T18:22:00+05:30,acc_deposit_priya_hdfc_0001,deposit,DEBIT,UPI,147.00,UPI/DE/BHARATPE*OM SAI,868311.00
TXN_PRIYA_SRC_DEPOSIT_20260506_0555,2026-05-06,2026-05-06T09:45:00+05:30,acc_deposit_priya_hdfc_0001,deposit,DEBIT,NACH,28000.00,NACH/DE/ICICI PRUDENTIAL BLUECHIP/2026-05,840311.00
TXN_PRIYA_SRC_MUTUAL_FUNDS_20260506_0556,2026-05-06,2026-05-06T10:30:00+05:30,acc_mf_priya_hdfc_0001,mutual_funds,CREDIT,SIP,28000.00,MF/CR/PURCHASE/ICICI PRUDENTIAL BLUECHIP/2026-05,1303000.00
TXN_PRIYA_SRC_DEPOSIT_20260506_0542,2026-05-06,2026-05-06T20:10:00+05:30,acc_deposit_priya_hdfc_0001,deposit,DEBIT,UPI,72.00,UPI/DE/NANDINI MILK,840239.00
TXN_PRIYA_SRC_DEPOSIT_20260507_0525,2026-05-07,2026-05-07T08:45:00+05:30,acc_deposit_priya_hdfc_0001,deposit,DEBIT,CARD,130.00,CARD/DE/GOOGLE ONE,840109.00
TXN_PRIYA_SRC_DEPOSIT_20260508_0516,2026-05-08,2026-05-08T10:05:00+05:30,acc_deposit_priya_hdfc_0001,deposit,DEBIT,NACH,24500.00,NACH/DE/HDFC CREDILA EDUCATION LOAN/2026-05,815609.00
TXN_PRIYA_SRC_DEPOSIT_20260509_0517,2026-05-09,2026-05-09T10:05:00+05:30,acc_deposit_priya_hdfc_0001,deposit,DEBIT,FT,35000.00,FT/DE/PAPA SBI/2026-05,780609.00
TXN_PRIYA_SRC_DEPOSIT_20260511_0530,2026-05-11,2026-05-11T08:45:00+05:30,acc_deposit_priya_hdfc_0001,deposit,DEBIT,CARD,1499.00,CARD/DE/PRIME MEMBERSHIP,779110.00
TXN_PRIYA_SRC_DEPOSIT_20260511_0552,2026-05-11,2026-05-11T19:11:00+05:30,acc_deposit_priya_hdfc_0001,deposit,DEBIT,UPI,134.00,UPI/DE/NANDINI MILK,778976.00
TXN_PRIYA_SRC_DEPOSIT_20260512_0518,2026-05-12,2026-05-12T10:05:00+05:30,acc_deposit_priya_hdfc_0001,deposit,DEBIT,UPI,8500.00,UPI/DE/MEENA HOUSEHELP/2026-05,770476.00
TXN_PRIYA_SRC_DEPOSIT_20260512_0539,2026-05-12,2026-05-12T19:45:00+05:30,acc_deposit_priya_hdfc_0001,deposit,DEBIT,UPI,1756.00,UPI/DE/DIAGNOSTIC CENTER,768720.00
TXN_PRIYA_SRC_DEPOSIT_20260513_0535,2026-05-13,2026-05-13T08:29:00+05:30,acc_deposit_priya_hdfc_0001,deposit,DEBIT,UPI,760.00,UPI/DE/METRO CARD,767960.00
TXN_PRIYA_SRC_DEPOSIT_20260513_0526,2026-05-13,2026-05-13T08:45:00+05:30,acc_deposit_priya_hdfc_0001,deposit,DEBIT,CARD,129.00,CARD/DE/YOUTUBE PREMIUM,767831.00
TXN_PRIYA_SRC_DEPOSIT_20260513_0554,2026-05-13,2026-05-13T11:41:00+05:30,acc_deposit_priya_hdfc_0001,deposit,DEBIT,ATM,3000.00,ATM/DE/CASH WITHDRAWAL/2026-05,764831.00
TXN_PRIYA_SRC_DEPOSIT_20260514_0557,2026-05-14,2026-05-14T09:45:00+05:30,acc_deposit_priya_hdfc_0001,deposit,DEBIT,NACH,12000.00,NACH/DE/NPS TIER I/2026-05,752831.00
TXN_PRIYA_SRC_MUTUAL_FUNDS_20260514_0558,2026-05-14,2026-05-14T10:30:00+05:30,acc_mf_priya_hdfc_0001,mutual_funds,CREDIT,SIP,12000.00,MF/CR/PURCHASE/NPS TIER I/2026-05,1315000.00
TXN_PRIYA_SRC_DEPOSIT_20260514_0549,2026-05-14,2026-05-14T19:34:00+05:30,acc_deposit_priya_hdfc_0001,deposit,DEBIT,UPI,283.00,UPI/DE/XEROX SHOP,752548.00
TXN_PRIYA_SRC_DEPOSIT_20260515_0519,2026-05-15,2026-05-15T10:05:00+05:30,acc_deposit_priya_hdfc_0001,deposit,DEBIT,UPI,2499.00,UPI/DE/ACT FIBERNET BILL/2026-05,750049.00
TXN_PRIYA_SRC_DEPOSIT_20260516_0537,2026-05-16,2026-05-16T17:00:00+05:30,acc_deposit_priya_hdfc_0001,deposit,DEBIT,UPI,252.00,UPI/DE/XEROX SHOP,749797.00
TXN_PRIYA_SRC_DEPOSIT_20260517_0520,2026-05-17,2026-05-17T10:05:00+05:30,acc_deposit_priya_hdfc_0001,deposit,DEBIT,UPI,3840.00,UPI/DE/BESCOM ELECTRICITY/2026-05,745957.00
TXN_PRIYA_SRC_DEPOSIT_20260518_0527,2026-05-18,2026-05-18T08:45:00+05:30,acc_deposit_priya_hdfc_0001,deposit,DEBIT,CARD,119.00,CARD/DE/SPOTIFY,745838.00
TXN_PRIYA_SRC_DEPOSIT_20260518_0538,2026-05-18,2026-05-18T12:03:00+05:30,acc_deposit_priya_hdfc_0001,deposit,DEBIT,UPI,773.00,UPI/DE/OM MEDICALS,745065.00
TXN_PRIYA_SRC_DEPOSIT_20260519_0541,2026-05-19,2026-05-19T10:03:00+05:30,acc_deposit_priya_hdfc_0001,deposit,DEBIT,UPI,397.00,UPI/DE/FLOWER SHOP,744668.00
TXN_PRIYA_SRC_DEPOSIT_20260519_0521,2026-05-19,2026-05-19T10:05:00+05:30,acc_deposit_priya_hdfc_0001,deposit,DEBIT,UPI,899.00,UPI/DE/AIRTEL MOBILE/2026-05,743769.00
TXN_PRIYA_SRC_DEPOSIT_20260519_0543,2026-05-19,2026-05-19T20:36:00+05:30,acc_deposit_priya_hdfc_0001,deposit,DEBIT,UPI,232.00,UPI/DE/SRI LAKSHMI STORES,743537.00
TXN_PRIYA_SRC_DEPOSIT_20260520_0528,2026-05-20,2026-05-20T08:45:00+05:30,acc_deposit_priya_hdfc_0001,deposit,DEBIT,CARD,650.00,CARD/DE/LINKEDIN PREMIUM,742887.00
TXN_PRIYA_SRC_DEPOSIT_20260521_0546,2026-05-21,2026-05-21T08:19:00+05:30,acc_deposit_priya_hdfc_0001,deposit,DEBIT,UPI,900.00,UPI/DE/DIAGNOSTIC CENTER,741987.00
TXN_PRIYA_SRC_DEPOSIT_20260521_0545,2026-05-21,2026-05-21T12:54:00+05:30,acc_deposit_priya_hdfc_0001,deposit,DEBIT,UPI,1265.00,UPI/DE/PHONEPEQR4381,740722.00
TXN_PRIYA_SRC_DEPOSIT_20260522_0522,2026-05-22,2026-05-22T10:05:00+05:30,acc_deposit_priya_hdfc_0001,deposit,DEBIT,UPI,6200.00,UPI/DE/APARTMENT MAINTENANCE/2026-05,734522.00
TXN_PRIYA_SRC_DEPOSIT_20260523_0547,2026-05-23,2026-05-23T10:05:00+05:30,acc_deposit_priya_hdfc_0001,deposit,DEBIT,UPI,428.00,UPI/DE/RAJ ELECTRICIAN,734094.00
TXN_PRIYA_SRC_DEPOSIT_20260523_0532,2026-05-23,2026-05-23T12:47:00+05:30,acc_deposit_priya_hdfc_0001,deposit,DEBIT,UPI,192.00,UPI/DE/CHAAT CORNER,733902.00
TXN_PRIYA_SRC_DEPOSIT_20260524_0531,2026-05-24,2026-05-24T12:20:00+05:30,acc_deposit_priya_hdfc_0001,deposit,CREDIT,FT,30000.00,FT/CR/ICICI SAVINGS TRANSFER/2026-05,763902.00
TXN_PRIYA_SRC_DEPOSIT_20260525_0544,2026-05-25,2026-05-25T08:28:00+05:30,acc_deposit_priya_hdfc_0001,deposit,DEBIT,UPI,385.00,UPI/DE/STATIONERY SHOP,763517.00
TXN_PRIYA_SRC_DEPOSIT_20260525_0529,2026-05-25,2026-05-25T08:45:00+05:30,acc_deposit_priya_hdfc_0001,deposit,DEBIT,CARD,249.00,CARD/DE/NEWSPAPER DIGITAL,763268.00
TXN_PRIYA_SRC_DEPOSIT_20260525_0548,2026-05-25,2026-05-25T10:26:00+05:30,acc_deposit_priya_hdfc_0001,deposit,DEBIT,UPI,151.00,UPI/DE/AUTO PAY,763117.00
TXN_PRIYA_SRC_DEPOSIT_20260526_0553,2026-05-26,2026-05-26T11:40:00+05:30,acc_deposit_priya_hdfc_0001,deposit,DEBIT,ATM,3000.00,ATM/DE/CASH WITHDRAWAL/2026-05,760117.00
TXN_PRIYA_SRC_DEPOSIT_20260528_0514,2026-05-28,2026-05-28T09:15:00+05:30,acc_deposit_priya_hdfc_0001,deposit,CREDIT,FT,261700.00,FT/CR/BANYAN PRODUCT LABS SALARY/2026-05,1021817.00
TXN_PRIYA_SRC_DEPOSIT_20260529_0536,2026-05-29,2026-05-29T10:45:00+05:30,acc_deposit_priya_hdfc_0001,deposit,DEBIT,UPI,235.00,UPI/DE/NANDINI MILK,1021582.00
TXN_PRIYA_SRC_DEPOSIT_20260529_0584,2026-05-29,2026-05-29T15:15:00+05:30,acc_deposit_priya_hdfc_0001,deposit,DEBIT,FT,850000.00,FT/DE/SELF ACCOUNT TRANSFER,171582.00
TXN_PRIYA_SRC_MUTUAL_FUNDS_20260529_0585,2026-05-29,2026-05-29T15:40:00+05:30,acc_mf_priya_hdfc_0001,mutual_funds,CREDIT,FT,850000.00,MF/CR/OWN ACCOUNT FUNDING,2165000.00
