card_transaction_id,purchase_date,posting_date,merchant,amount,merchant_category_from_statement,source,statement_cycle_id,converted_to_emi,emi_id,statement_large_purchase_flag,source_reconciliation_linked_deposit_transaction_id,source_reconciliation_spend_counting_policy,source_reconciliation_counted_as_additional_cashflow
card_txn_apple_20250816,2025-08-16,2025-08-17,Apple Store,145000,electronics,credit_card_statement,cc_2025_08,True,emi_card_apple_202508,True,TXN_AARAV_SRC_DEPOSIT_20250816_1561,linked_to_deposit_card_mode_for_legacy_generator_dedupe,False
card_txn_zara_20251004,2025-10-04,2025-10-05,Zara,18000,fashion,credit_card_statement,cc_2025_10,False,,False,TXN_AARAV_SRC_DEPOSIT_20251004_1562,linked_to_deposit_card_mode_for_legacy_generator_dedupe,False
card_txn_nike_20251005,2025-10-05,2025-10-06,Nike,14500,fashion,credit_card_statement,cc_2025_10,False,,False,TXN_AARAV_SRC_DEPOSIT_20251005_1563,linked_to_deposit_card_mode_for_legacy_generator_dedupe,False
card_txn_myntra_20251011,2025-10-11,2025-10-12,Myntra,22000,fashion,credit_card_statement,cc_2025_10,False,,False,TXN_AARAV_SRC_DEPOSIT_20251011_1564,linked_to_deposit_card_mode_for_legacy_generator_dedupe,False
card_txn_nykaa_20251012,2025-10-12,2025-10-13,Nykaa,7500,fashion,credit_card_statement,cc_2025_10,False,,False,TXN_AARAV_SRC_DEPOSIT_20251012_1565,linked_to_deposit_card_mode_for_legacy_generator_dedupe,False
card_txn_indigo_20251206,2025-12-06,2025-12-07,Indigo Airlines,28000,travel,credit_card_statement,cc_2025_12,False,,False,TXN_AARAV_SRC_DEPOSIT_20251206_1566,linked_to_deposit_card_mode_for_legacy_generator_dedupe,False
card_txn_hotel_20251207,2025-12-07,2025-12-08,MakeMyTrip Hotel,26000,travel,credit_card_statement,cc_2025_12,False,,False,TXN_AARAV_SRC_DEPOSIT_20251207_1567,linked_to_deposit_card_mode_for_legacy_generator_dedupe,False
card_txn_goa_dining_20251209,2025-12-09,2025-12-10,Goa Dining,19000,dining,credit_card_statement,cc_2025_12,False,,False,TXN_AARAV_SRC_DEPOSIT_20251209_1568,linked_to_deposit_card_mode_for_legacy_generator_dedupe,False
card_txn_sony_20260214,2026-02-14,2026-02-15,Sony Center,98000,electronics,credit_card_statement,cc_2026_02,True,emi_card_sony_202602,True,TXN_AARAV_SRC_DEPOSIT_20260214_1569,linked_to_deposit_card_mode_for_legacy_generator_dedupe,False
